algo1,taille1,temps1,f1,rapport1,algo2,taille2,temps2,f2,rapport2,algo3,taille3,temps3,f3,rapport3
conv ,4,0.0115,48.97589663,2.35E-04,strassen ,4,0.2976,48.97589663,6.08E-03,strassenAvecLimite ,4,0.0077,48.97589663,1.57E-04
conv ,4,0.0105,48.97589663,2.14E-04,strassen ,4,0.3532,48.97589663,7.21E-03,strassenAvecLimite ,4,0.0088,48.97589663,1.80E-04
conv ,4,0.0393,48.97589663,8.02E-04,strassen ,4,0.4578,48.97589663,9.35E-03,strassenAvecLimite ,4,0.0089,48.97589663,1.82E-04
conv ,4,0.0112,48.97589663,2.29E-04,strassen ,4,0.7595,48.97589663,1.55E-02,strassenAvecLimite ,4,0.0099,48.97589663,2.02E-04
conv ,4,0.0125,48.97589663,2.55E-04,strassen ,4,0.3253,48.97589663,6.64E-03,strassenAvecLimite ,4,0.0116,48.97589663,2.37E-04
conv ,4,0.0114,48.97589663,2.33E-04,strassen ,4,0.338,48.97589663,6.90E-03,strassenAvecLimite ,4,0.0085,48.97589663,1.74E-04
conv ,4,0.0123,48.97589663,2.51E-04,strassen ,4,0.3587,48.97589663,7.32E-03,strassenAvecLimite ,4,0.008,48.97589663,1.63E-04
conv ,4,0.0154,48.97589663,3.14E-04,strassen ,4,0.5818,48.97589663,1.19E-02,strassenAvecLimite ,4,0.0088,48.97589663,1.80E-04
conv ,4,0.0141,48.97589663,2.88E-04,strassen ,4,0.3614,48.97589663,7.38E-03,strassenAvecLimite ,4,0.0092,48.97589663,1.88E-04
conv ,4,0.0125,48.97589663,2.55E-04,strassen ,4,0.4022,48.97589663,8.21E-03,strassenAvecLimite ,4,0.0079,48.97589663,1.61E-04
conv ,4,0.0118,48.97589663,2.41E-04,strassen ,4,0.3463,48.97589663,7.07E-03,strassenAvecLimite ,4,0.0079,48.97589663,1.61E-04
conv ,4,0.0104,48.97589663,2.12E-04,strassen ,4,0.356,48.97589663,7.27E-03,strassenAvecLimite ,4,0.0087,48.97589663,1.78E-04
conv ,4,0.0152,48.97589663,3.10E-04,strassen ,4,0.3543,48.97589663,7.23E-03,strassenAvecLimite ,4,0.0084,48.97589663,1.72E-04
conv ,4,0.0131,48.97589663,2.67E-04,strassen ,4,0.3767,48.97589663,7.69E-03,strassenAvecLimite ,4,0.0075,48.97589663,1.53E-04
conv ,4,0.0125,48.97589663,2.55E-04,strassen ,4,0.4225,48.97589663,8.63E-03,strassenAvecLimite ,4,0.0094,48.97589663,1.92E-04
conv ,4,0.0113,48.97589663,2.31E-04,strassen ,4,0.3617,48.97589663,7.39E-03,strassenAvecLimite ,4,0.0082,48.97589663,1.67E-04
conv ,4,0.0121,48.97589663,2.47E-04,strassen ,4,0.3543,48.97589663,7.23E-03,strassenAvecLimite ,4,0.0102,48.97589663,2.08E-04
conv ,4,0.0124,48.97589663,2.53E-04,strassen ,4,0.336,48.97589663,6.86E-03,strassenAvecLimite ,4,0.0084,48.97589663,1.72E-04
conv ,4,0.0144,48.97589663,2.94E-04,strassen ,4,0.3668,48.97589663,7.49E-03,strassenAvecLimite ,4,0.0105,48.97589663,2.14E-04
conv ,4,0.0122,48.97589663,2.49E-04,strassen ,4,0.3562,48.97589663,7.27E-03,strassenAvecLimite ,4,0.0092,48.97589663,1.88E-04
conv ,4,0.0109,48.97589663,2.23E-04,strassen ,4,0.3542,48.97589663,7.23E-03,strassenAvecLimite ,4,0.0077,48.97589663,1.57E-04
conv ,4,0.0113,48.97589663,2.31E-04,strassen ,4,0.3369,48.97589663,6.88E-03,strassenAvecLimite ,4,0.0084,48.97589663,1.72E-04
conv ,4,0.0137,48.97589663,2.80E-04,strassen ,4,0.3995,48.97589663,8.16E-03,strassenAvecLimite ,4,0.008,48.97589663,1.63E-04
conv ,4,0.0114,48.97589663,2.33E-04,strassen ,4,0.3711,48.97589663,7.58E-03,strassenAvecLimite ,4,0.008,48.97589663,1.63E-04
conv ,4,0.0158,48.97589663,3.23E-04,strassen ,4,0.3761,48.97589663,7.68E-03,strassenAvecLimite ,4,0.0097,48.97589663,1.98E-04
conv ,4,0.0144,48.97589663,2.94E-04,strassen ,4,0.4303,48.97589663,8.79E-03,strassenAvecLimite ,4,0.0087,48.97589663,1.78E-04
conv ,4,0.0147,48.97589663,3.00E-04,strassen ,4,0.6929,48.97589663,1.41E-02,strassenAvecLimite ,4,0.0084,48.97589663,1.72E-04
conv ,4,0.0112,48.97589663,2.29E-04,strassen ,4,0.3891,48.97589663,7.94E-03,strassenAvecLimite ,4,0.0078,48.97589663,1.59E-04
conv ,4,0.0127,48.97589663,2.59E-04,strassen ,4,0.3941,48.97589663,8.05E-03,strassenAvecLimite ,4,0.0077,48.97589663,1.57E-04
conv ,4,0.0116,48.97589663,2.37E-04,strassen ,4,0.3524,48.97589663,7.20E-03,strassenAvecLimite ,4,0.0075,48.97589663,1.53E-04
conv ,4,0.0108,48.97589663,2.21E-04,strassen ,4,0.3531,48.97589663,7.21E-03,strassenAvecLimite ,4,0.0087,48.97589663,1.78E-04
conv ,4,0.012,48.97589663,2.45E-04,strassen ,4,0.4096,48.97589663,8.36E-03,strassenAvecLimite ,4,0.009,48.97589663,1.84E-04
conv ,4,0.012,48.97589663,2.45E-04,strassen ,4,0.3613,48.97589663,7.38E-03,strassenAvecLimite ,4,0.0085,48.97589663,1.74E-04
conv ,4,0.0116,48.97589663,2.37E-04,strassen ,4,0.4888,48.97589663,9.98E-03,strassenAvecLimite ,4,0.0087,48.97589663,1.78E-04
conv ,4,0.0139,48.97589663,2.84E-04,strassen ,4,0.3673,48.97589663,7.50E-03,strassenAvecLimite ,4,0.009,48.97589663,1.84E-04
conv ,4,0.0132,48.97589663,2.70E-04,strassen ,4,0.3501,48.97589663,7.15E-03,strassenAvecLimite ,4,0.0086,48.97589663,1.76E-04
conv ,4,0.012,48.97589663,2.45E-04,strassen ,4,0.387,48.97589663,7.90E-03,strassenAvecLimite ,4,0.0082,48.97589663,1.67E-04
conv ,4,0.0118,48.97589663,2.41E-04,strassen ,4,0.3474,48.97589663,7.09E-03,strassenAvecLimite ,4,0.009,48.97589663,1.84E-04
conv ,4,0.012,48.97589663,2.45E-04,strassen ,4,0.3938,48.97589663,8.04E-03,strassenAvecLimite ,4,0.0085,48.97589663,1.74E-04
conv ,4,0.0126,48.97589663,2.57E-04,strassen ,4,0.3471,48.97589663,7.09E-03,strassenAvecLimite ,4,0.0109,48.97589663,2.23E-04
conv ,4,0.0129,48.97589663,2.63E-04,strassen ,4,0.476,48.97589663,9.72E-03,strassenAvecLimite ,4,0.009,48.97589663,1.84E-04
conv ,4,0.0136,48.97589663,2.78E-04,strassen ,4,0.4017,48.97589663,8.20E-03,strassenAvecLimite ,4,0.0084,48.97589663,1.72E-04
conv ,4,0.0122,48.97589663,2.49E-04,strassen ,4,0.3446,48.97589663,7.04E-03,strassenAvecLimite ,4,0.0092,48.97589663,1.88E-04
conv ,4,0.0143,48.97589663,2.92E-04,strassen ,4,0.3464,48.97589663,7.07E-03,strassenAvecLimite ,4,0.009,48.97589663,1.84E-04
conv ,4,0.0112,48.97589663,2.29E-04,strassen ,4,0.3667,48.97589663,7.49E-03,strassenAvecLimite ,4,0.0085,48.97589663,1.74E-04
conv ,4,0.0124,48.97589663,2.53E-04,strassen ,4,0.3584,48.97589663,7.32E-03,strassenAvecLimite ,4,0.0081,48.97589663,1.65E-04
conv ,4,0.0115,48.97589663,2.35E-04,strassen ,4,0.3732,48.97589663,7.62E-03,strassenAvecLimite ,4,0.0098,48.97589663,2.00E-04
conv ,4,0.0109,48.97589663,2.23E-04,strassen ,4,0.376,48.97589663,7.68E-03,strassenAvecLimite ,4,0.0088,48.97589663,1.80E-04
conv ,4,0.0339,48.97589663,6.92E-04,strassen ,4,0.4276,48.97589663,8.73E-03,strassenAvecLimite ,4,0.0084,48.97589663,1.72E-04
conv ,4,0.0119,48.97589663,2.43E-04,strassen ,4,0.3573,48.97589663,7.30E-03,strassenAvecLimite ,4,0.0083,48.97589663,1.69E-04
conv ,4,0.0178,48.97589663,3.63E-04,strassen ,4,0.3431,48.97589663,7.01E-03,strassenAvecLimite ,4,0.0088,48.97589663,1.80E-04
conv ,4,0.0122,48.97589663,2.49E-04,strassen ,4,0.2934,48.97589663,5.99E-03,strassenAvecLimite ,4,0.0093,48.97589663,1.90E-04
conv ,4,0.0132,48.97589663,2.70E-04,strassen ,4,0.3529,48.97589663,7.21E-03,strassenAvecLimite ,4,0.0088,48.97589663,1.80E-04
conv ,4,0.0127,48.97589663,2.59E-04,strassen ,4,0.3757,48.97589663,7.67E-03,strassenAvecLimite ,4,0.0091,48.97589663,1.86E-04
conv ,4,0.011,48.97589663,2.25E-04,strassen ,4,0.3595,48.97589663,7.34E-03,strassenAvecLimite ,4,0.0085,48.97589663,1.74E-04
conv ,4,0.0142,48.97589663,2.90E-04,strassen ,4,0.3466,48.97589663,7.08E-03,strassenAvecLimite ,4,0.0091,48.97589663,1.86E-04
conv ,4,0.0131,48.97589663,2.67E-04,strassen ,4,0.3268,48.97589663,6.67E-03,strassenAvecLimite ,4,0.0086,48.97589663,1.76E-04
conv ,4,0.0116,48.97589663,2.37E-04,strassen ,4,0.3843,48.97589663,7.85E-03,strassenAvecLimite ,4,0.0092,48.97589663,1.88E-04
conv ,4,0.0155,48.97589663,3.16E-04,strassen ,4,0.3623,48.97589663,7.40E-03,strassenAvecLimite ,4,0.0092,48.97589663,1.88E-04
conv ,4,0.0136,48.97589663,2.78E-04,strassen ,4,0.3054,48.97589663,6.24E-03,strassenAvecLimite ,4,0.0106,48.97589663,2.16E-04
conv ,4,0.0125,48.97589663,2.55E-04,strassen ,4,0.3483,48.97589663,7.11E-03,strassenAvecLimite ,4,0.0096,48.97589663,1.96E-04
conv ,4,0.0154,48.97589663,3.14E-04,strassen ,4,0.3713,48.97589663,7.58E-03,strassenAvecLimite ,4,0.0088,48.97589663,1.80E-04
conv ,4,0.0154,48.97589663,3.14E-04,strassen ,4,0.3462,48.97589663,7.07E-03,strassenAvecLimite ,4,0.0089,48.97589663,1.82E-04
conv ,4,0.0152,48.97589663,3.10E-04,strassen ,4,0.336,48.97589663,6.86E-03,strassenAvecLimite ,4,0.0084,48.97589663,1.72E-04
conv ,4,0.0132,48.97589663,2.70E-04,strassen ,4,0.3673,48.97589663,7.50E-03,strassenAvecLimite ,4,0.0087,48.97589663,1.78E-04
conv ,4,0.0115,48.97589663,2.35E-04,strassen ,4,0.3619,48.97589663,7.39E-03,strassenAvecLimite ,4,0.0088,48.97589663,1.80E-04
conv ,4,0.0129,48.97589663,2.63E-04,strassen ,4,0.3972,48.97589663,8.11E-03,strassenAvecLimite ,4,0.0097,48.97589663,1.98E-04
conv ,4,0.0117,48.97589663,2.39E-04,strassen ,4,0.5328,48.97589663,1.09E-02,strassenAvecLimite ,4,0.0093,48.97589663,1.90E-04
conv ,4,0.0117,48.97589663,2.39E-04,strassen ,4,0.37,48.97589663,7.55E-03,strassenAvecLimite ,4,0.0093,48.97589663,1.90E-04
conv ,4,0.0124,48.97589663,2.53E-04,strassen ,4,0.3564,48.97589663,7.28E-03,strassenAvecLimite ,4,0.0094,48.97589663,1.92E-04
conv ,4,0.0126,48.97589663,2.57E-04,strassen ,4,0.3548,48.97589663,7.24E-03,strassenAvecLimite ,4,0.0097,48.97589663,1.98E-04
conv ,4,0.0157,48.97589663,3.21E-04,strassen ,4,0.3638,48.97589663,7.43E-03,strassenAvecLimite ,4,0.009,48.97589663,1.84E-04
conv ,4,0.0154,48.97589663,3.14E-04,strassen ,4,0.3524,48.97589663,7.20E-03,strassenAvecLimite ,4,0.0099,48.97589663,2.02E-04
conv ,4,0.0122,48.97589663,2.49E-04,strassen ,4,0.4635,48.97589663,9.46E-03,strassenAvecLimite ,4,0.0094,48.97589663,1.92E-04
conv ,4,0.0137,48.97589663,2.80E-04,strassen ,4,0.3613,48.97589663,7.38E-03,strassenAvecLimite ,4,0.0094,48.97589663,1.92E-04
conv ,4,0.013,48.97589663,2.65E-04,strassen ,4,0.3626,48.97589663,7.40E-03,strassenAvecLimite ,4,0.0105,48.97589663,2.14E-04
conv ,4,0.0154,48.97589663,3.14E-04,strassen ,4,0.3945,48.97589663,8.05E-03,strassenAvecLimite ,4,0.0098,48.97589663,2.00E-04
conv ,4,0.0126,48.97589663,2.57E-04,strassen ,4,0.3328,48.97589663,6.80E-03,strassenAvecLimite ,4,0.0112,48.97589663,2.29E-04
conv ,4,0.0129,48.97589663,2.63E-04,strassen ,4,0.4375,48.97589663,8.93E-03,strassenAvecLimite ,4,0.0109,48.97589663,2.23E-04
conv ,4,0.0139,48.97589663,2.84E-04,strassen ,4,0.3591,48.97589663,7.33E-03,strassenAvecLimite ,4,0.0094,48.97589663,1.92E-04
conv ,4,0.0123,48.97589663,2.51E-04,strassen ,4,0.4005,48.97589663,8.18E-03,strassenAvecLimite ,4,0.0095,48.97589663,1.94E-04
conv ,4,0.0176,48.97589663,3.59E-04,strassen ,4,0.3716,48.97589663,7.59E-03,strassenAvecLimite ,4,0.0091,48.97589663,1.86E-04
conv ,4,0.021,48.97589663,4.29E-04,strassen ,4,0.4263,48.97589663,8.70E-03,strassenAvecLimite ,4,0.0101,48.97589663,2.06E-04
conv ,4,0.013,48.97589663,2.65E-04,strassen ,4,0.351,48.97589663,7.17E-03,strassenAvecLimite ,4,0.0095,48.97589663,1.94E-04
conv ,4,0.0124,48.97589663,2.53E-04,strassen ,4,0.3609,48.97589663,7.37E-03,strassenAvecLimite ,4,0.0103,48.97589663,2.10E-04
conv ,4,0.0122,48.97589663,2.49E-04,strassen ,4,0.3769,48.97589663,7.70E-03,strassenAvecLimite ,4,0.0104,48.97589663,2.12E-04
conv ,4,0.0124,48.97589663,2.53E-04,strassen ,4,0.3721,48.97589663,7.60E-03,strassenAvecLimite ,4,0.0099,48.97589663,2.02E-04
conv ,4,0.0127,48.97589663,2.59E-04,strassen ,4,0.3785,48.97589663,7.73E-03,strassenAvecLimite ,4,0.0096,48.97589663,1.96E-04
conv ,4,0.0145,48.97589663,2.96E-04,strassen ,4,0.3771,48.97589663,7.70E-03,strassenAvecLimite ,4,0.0099,48.97589663,2.02E-04
conv ,4,0.0126,48.97589663,2.57E-04,strassen ,4,0.4407,48.97589663,9.00E-03,strassenAvecLimite ,4,0.0098,48.97589663,2.00E-04
conv ,4,0.0121,48.97589663,2.47E-04,strassen ,4,0.3686,48.97589663,7.53E-03,strassenAvecLimite ,4,0.0101,48.97589663,2.06E-04
conv ,4,0.0119,48.97589663,2.43E-04,strassen ,4,0.3341,48.97589663,6.82E-03,strassenAvecLimite ,4,0.01,48.97589663,2.04E-04
conv ,4,0.0125,48.97589663,2.55E-04,strassen ,4,0.4273,48.97589663,8.72E-03,strassenAvecLimite ,4,0.0096,48.97589663,1.96E-04
conv ,4,0.0115,48.97589663,2.35E-04,strassen ,4,0.4214,48.97589663,8.60E-03,strassenAvecLimite ,4,0.0101,48.97589663,2.06E-04
conv ,4,0.0118,48.97589663,2.41E-04,strassen ,4,0.3338,48.97589663,6.82E-03,strassenAvecLimite ,4,0.0097,48.97589663,1.98E-04
conv ,4,0.0122,48.97589663,2.49E-04,strassen ,4,0.3489,48.97589663,7.12E-03,strassenAvecLimite ,4,0.0105,48.97589663,2.14E-04
conv ,4,0.0129,48.97589663,2.63E-04,strassen ,4,0.3244,48.97589663,6.62E-03,strassenAvecLimite ,4,0.0114,48.97589663,2.33E-04
conv ,4,0.0127,48.97589663,2.59E-04,strassen ,4,0.5429,48.97589663,1.11E-02,strassenAvecLimite ,4,0.0131,48.97589663,2.67E-04
conv ,4,0.0121,48.97589663,2.47E-04,strassen ,4,0.3459,48.97589663,7.06E-03,strassenAvecLimite ,4,0.0098,48.97589663,2.00E-04
conv ,4,0.0126,48.97589663,2.57E-04,strassen ,4,0.379,48.97589663,7.74E-03,strassenAvecLimite ,4,0.0093,48.97589663,1.90E-04
conv ,8,0.0198,342.7469458,5.78E-05,strassen ,8,2.104,342.7469458,6.14E-03,strassenAvecLimite ,8,0.0224,342.7469458,6.54E-05
conv ,8,0.022,342.7469458,6.42E-05,strassen ,8,2.4319,342.7469458,7.10E-03,strassenAvecLimite ,8,0.0186,342.7469458,5.43E-05
conv ,8,0.0194,342.7469458,5.66E-05,strassen ,8,2.9969,342.7469458,8.74E-03,strassenAvecLimite ,8,0.0176,342.7469458,5.13E-05
conv ,8,0.0198,342.7469458,5.78E-05,strassen ,8,2.3811,342.7469458,6.95E-03,strassenAvecLimite ,8,0.0189,342.7469458,5.51E-05
conv ,8,0.0244,342.7469458,7.12E-05,strassen ,8,2.7656,342.7469458,8.07E-03,strassenAvecLimite ,8,0.0172,342.7469458,5.02E-05
conv ,8,0.0268,342.7469458,7.82E-05,strassen ,8,2.3245,342.7469458,6.78E-03,strassenAvecLimite ,8,0.0174,342.7469458,5.08E-05
conv ,8,0.0216,342.7469458,6.30E-05,strassen ,8,2.2427,342.7469458,6.54E-03,strassenAvecLimite ,8,0.0171,342.7469458,4.99E-05
conv ,8,0.0195,342.7469458,5.69E-05,strassen ,8,2.467,342.7469458,7.20E-03,strassenAvecLimite ,8,0.0173,342.7469458,5.05E-05
conv ,8,0.0189,342.7469458,5.51E-05,strassen ,8,2.2084,342.7469458,6.44E-03,strassenAvecLimite ,8,0.0199,342.7469458,5.81E-05
conv ,8,0.0222,342.7469458,6.48E-05,strassen ,8,2.8276,342.7469458,8.25E-03,strassenAvecLimite ,8,0.0184,342.7469458,5.37E-05
conv ,8,0.0205,342.7469458,5.98E-05,strassen ,8,2.2038,342.7469458,6.43E-03,strassenAvecLimite ,8,0.0183,342.7469458,5.34E-05
conv ,8,0.0207,342.7469458,6.04E-05,strassen ,8,2.1391,342.7469458,6.24E-03,strassenAvecLimite ,8,0.0168,342.7469458,4.90E-05
conv ,8,0.0212,342.7469458,6.19E-05,strassen ,8,2.7538,342.7469458,8.03E-03,strassenAvecLimite ,8,0.0169,342.7469458,4.93E-05
conv ,8,0.0237,342.7469458,6.91E-05,strassen ,8,2.0004,342.7469458,5.84E-03,strassenAvecLimite ,8,0.0176,342.7469458,5.13E-05
conv ,8,0.0184,342.7469458,5.37E-05,strassen ,8,2.1931,342.7469458,6.40E-03,strassenAvecLimite ,8,0.0186,342.7469458,5.43E-05
conv ,8,0.0197,342.7469458,5.75E-05,strassen ,8,2.5245,342.7469458,7.37E-03,strassenAvecLimite ,8,0.0195,342.7469458,5.69E-05
conv ,8,0.02,342.7469458,5.84E-05,strassen ,8,2.4838,342.7469458,7.25E-03,strassenAvecLimite ,8,0.0174,342.7469458,5.08E-05
conv ,8,0.0186,342.7469458,5.43E-05,strassen ,8,2.3042,342.7469458,6.72E-03,strassenAvecLimite ,8,0.0151,342.7469458,4.41E-05
conv ,8,0.0224,342.7469458,6.54E-05,strassen ,8,2.6719,342.7469458,7.80E-03,strassenAvecLimite ,8,0.0169,342.7469458,4.93E-05
conv ,8,0.0225,342.7469458,6.56E-05,strassen ,8,2.109,342.7469458,6.15E-03,strassenAvecLimite ,8,0.0174,342.7469458,5.08E-05
conv ,8,0.0217,342.7469458,6.33E-05,strassen ,8,2.9824,342.7469458,8.70E-03,strassenAvecLimite ,8,0.0174,342.7469458,5.08E-05
conv ,8,0.0204,342.7469458,5.95E-05,strassen ,8,2.4014,342.7469458,7.01E-03,strassenAvecLimite ,8,0.0177,342.7469458,5.16E-05
conv ,8,0.0254,342.7469458,7.41E-05,strassen ,8,2.1986,342.7469458,6.41E-03,strassenAvecLimite ,8,0.0194,342.7469458,5.66E-05
conv ,8,0.0217,342.7469458,6.33E-05,strassen ,8,2.2082,342.7469458,6.44E-03,strassenAvecLimite ,8,0.0179,342.7469458,5.22E-05
conv ,8,0.0205,342.7469458,5.98E-05,strassen ,8,2.2158,342.7469458,6.46E-03,strassenAvecLimite ,8,0.0157,342.7469458,4.58E-05
conv ,8,0.02,342.7469458,5.84E-05,strassen ,8,2.9131,342.7469458,8.50E-03,strassenAvecLimite ,8,0.0197,342.7469458,5.75E-05
conv ,8,0.0188,342.7469458,5.49E-05,strassen ,8,2.8724,342.7469458,8.38E-03,strassenAvecLimite ,8,0.0174,342.7469458,5.08E-05
conv ,8,0.0194,342.7469458,5.66E-05,strassen ,8,2.2739,342.7469458,6.63E-03,strassenAvecLimite ,8,0.0184,342.7469458,5.37E-05
conv ,8,0.0192,342.7469458,5.60E-05,strassen ,8,2.2139,342.7469458,6.46E-03,strassenAvecLimite ,8,0.0184,342.7469458,5.37E-05
conv ,8,0.0205,342.7469458,5.98E-05,strassen ,8,2.0915,342.7469458,6.10E-03,strassenAvecLimite ,8,0.0176,342.7469458,5.13E-05
conv ,8,0.0185,342.7469458,5.40E-05,strassen ,8,2.8826,342.7469458,8.41E-03,strassenAvecLimite ,8,0.0217,342.7469458,6.33E-05
conv ,8,0.0231,342.7469458,6.74E-05,strassen ,8,2.4077,342.7469458,7.02E-03,strassenAvecLimite ,8,0.0197,342.7469458,5.75E-05
conv ,8,0.0236,342.7469458,6.89E-05,strassen ,8,2.5859,342.7469458,7.54E-03,strassenAvecLimite ,8,0.0178,342.7469458,5.19E-05
conv ,8,0.0201,342.7469458,5.86E-05,strassen ,8,2.3062,342.7469458,6.73E-03,strassenAvecLimite ,8,0.0188,342.7469458,5.49E-05
conv ,8,0.0206,342.7469458,6.01E-05,strassen ,8,2.7345,342.7469458,7.98E-03,strassenAvecLimite ,8,0.0176,342.7469458,5.13E-05
conv ,8,0.0216,342.7469458,6.30E-05,strassen ,8,2.5978,342.7469458,7.58E-03,strassenAvecLimite ,8,0.019,342.7469458,5.54E-05
conv ,8,0.0219,342.7469458,6.39E-05,strassen ,8,2.5548,342.7469458,7.45E-03,strassenAvecLimite ,8,0.0181,342.7469458,5.28E-05
conv ,8,0.0198,342.7469458,5.78E-05,strassen ,8,2.2833,342.7469458,6.66E-03,strassenAvecLimite ,8,0.0171,342.7469458,4.99E-05
conv ,8,0.057,342.7469458,1.66E-04,strassen ,8,3.4116,342.7469458,9.95E-03,strassenAvecLimite ,8,0.0164,342.7469458,4.78E-05
conv ,8,0.0233,342.7469458,6.80E-05,strassen ,8,2.0875,342.7469458,6.09E-03,strassenAvecLimite ,8,0.0174,342.7469458,5.08E-05
conv ,8,0.0211,342.7469458,6.16E-05,strassen ,8,2.2997,342.7469458,6.71E-03,strassenAvecLimite ,8,0.0164,342.7469458,4.78E-05
conv ,8,0.0424,342.7469458,1.24E-04,strassen ,8,2.946,342.7469458,8.60E-03,strassenAvecLimite ,8,0.0173,342.7469458,5.05E-05
conv ,8,0.0197,342.7469458,5.75E-05,strassen ,8,2.3077,342.7469458,6.73E-03,strassenAvecLimite ,8,0.0184,342.7469458,5.37E-05
conv ,8,0.0207,342.7469458,6.04E-05,strassen ,8,2.4886,342.7469458,7.26E-03,strassenAvecLimite ,8,0.0176,342.7469458,5.13E-05
conv ,8,0.0198,342.7469458,5.78E-05,strassen ,8,2.3153,342.7469458,6.76E-03,strassenAvecLimite ,8,0.0168,342.7469458,4.90E-05
conv ,8,0.0236,342.7469458,6.89E-05,strassen ,8,2.5218,342.7469458,7.36E-03,strassenAvecLimite ,8,0.016,342.7469458,4.67E-05
conv ,8,0.0204,342.7469458,5.95E-05,strassen ,8,2.4654,342.7469458,7.19E-03,strassenAvecLimite ,8,0.0157,342.7469458,4.58E-05
conv ,8,0.0195,342.7469458,5.69E-05,strassen ,8,2.2459,342.7469458,6.55E-03,strassenAvecLimite ,8,0.0193,342.7469458,5.63E-05
conv ,8,0.0213,342.7469458,6.21E-05,strassen ,8,2.2775,342.7469458,6.64E-03,strassenAvecLimite ,8,0.0177,342.7469458,5.16E-05
conv ,8,0.0189,342.7469458,5.51E-05,strassen ,8,2.1489,342.7469458,6.27E-03,strassenAvecLimite ,8,0.0176,342.7469458,5.13E-05
conv ,8,0.0191,342.7469458,5.57E-05,strassen ,8,2.0834,342.7469458,6.08E-03,strassenAvecLimite ,8,0.0179,342.7469458,5.22E-05
conv ,8,0.0196,342.7469458,5.72E-05,strassen ,8,2.2111,342.7469458,6.45E-03,strassenAvecLimite ,8,0.016,342.7469458,4.67E-05
conv ,8,0.0203,342.7469458,5.92E-05,strassen ,8,2.732,342.7469458,7.97E-03,strassenAvecLimite ,8,0.0154,342.7469458,4.49E-05
conv ,8,0.0197,342.7469458,5.75E-05,strassen ,8,2.4148,342.7469458,7.05E-03,strassenAvecLimite ,8,0.0199,342.7469458,5.81E-05
conv ,8,0.0197,342.7469458,5.75E-05,strassen ,8,3.0539,342.7469458,8.91E-03,strassenAvecLimite ,8,0.0203,342.7469458,5.92E-05
conv ,8,0.0197,342.7469458,5.75E-05,strassen ,8,2.131,342.7469458,6.22E-03,strassenAvecLimite ,8,0.0169,342.7469458,4.93E-05
conv ,8,0.0238,342.7469458,6.94E-05,strassen ,8,2.1345,342.7469458,6.23E-03,strassenAvecLimite ,8,0.0157,342.7469458,4.58E-05
conv ,8,0.0233,342.7469458,6.80E-05,strassen ,8,2.4368,342.7469458,7.11E-03,strassenAvecLimite ,8,0.0154,342.7469458,4.49E-05
conv ,8,0.0204,342.7469458,5.95E-05,strassen ,8,2.3067,342.7469458,6.73E-03,strassenAvecLimite ,8,0.0168,342.7469458,4.90E-05
conv ,8,0.0234,342.7469458,6.83E-05,strassen ,8,2.1888,342.7469458,6.39E-03,strassenAvecLimite ,8,0.0157,342.7469458,4.58E-05
conv ,8,0.0254,342.7469458,7.41E-05,strassen ,8,2.2049,342.7469458,6.43E-03,strassenAvecLimite ,8,0.0138,342.7469458,4.03E-05
conv ,8,0.0229,342.7469458,6.68E-05,strassen ,8,2.2689,342.7469458,6.62E-03,strassenAvecLimite ,8,0.0159,342.7469458,4.64E-05
conv ,8,0.0224,342.7469458,6.54E-05,strassen ,8,3.274,342.7469458,9.55E-03,strassenAvecLimite ,8,0.0153,342.7469458,4.46E-05
conv ,8,0.0212,342.7469458,6.19E-05,strassen ,8,2.7087,342.7469458,7.90E-03,strassenAvecLimite ,8,0.0147,342.7469458,4.29E-05
conv ,8,0.02,342.7469458,5.84E-05,strassen ,8,2.7182,342.7469458,7.93E-03,strassenAvecLimite ,8,0.0146,342.7469458,4.26E-05
conv ,8,0.0199,342.7469458,5.81E-05,strassen ,8,3.2429,342.7469458,9.46E-03,strassenAvecLimite ,8,0.0153,342.7469458,4.46E-05
conv ,8,0.023,342.7469458,6.71E-05,strassen ,8,2.5122,342.7469458,7.33E-03,strassenAvecLimite ,8,0.0178,342.7469458,5.19E-05
conv ,8,0.0203,342.7469458,5.92E-05,strassen ,8,2.2595,342.7469458,6.59E-03,strassenAvecLimite ,8,0.0159,342.7469458,4.64E-05
conv ,8,0.0207,342.7469458,6.04E-05,strassen ,8,2.4191,342.7469458,7.06E-03,strassenAvecLimite ,8,0.0177,342.7469458,5.16E-05
conv ,8,0.0207,342.7469458,6.04E-05,strassen ,8,2.206,342.7469458,6.44E-03,strassenAvecLimite ,8,0.018,342.7469458,5.25E-05
conv ,8,0.02,342.7469458,5.84E-05,strassen ,8,3.5794,342.7469458,1.04E-02,strassenAvecLimite ,8,0.0156,342.7469458,4.55E-05
conv ,8,0.0207,342.7469458,6.04E-05,strassen ,8,2.4932,342.7469458,7.27E-03,strassenAvecLimite ,8,0.0154,342.7469458,4.49E-05
conv ,8,0.0224,342.7469458,6.54E-05,strassen ,8,2.4523,342.7469458,7.15E-03,strassenAvecLimite ,8,0.0166,342.7469458,4.84E-05
conv ,8,0.0224,342.7469458,6.54E-05,strassen ,8,2.6195,342.7469458,7.64E-03,strassenAvecLimite ,8,0.0178,342.7469458,5.19E-05
conv ,8,0.0222,342.7469458,6.48E-05,strassen ,8,2.6053,342.7469458,7.60E-03,strassenAvecLimite ,8,0.0185,342.7469458,5.40E-05
conv ,8,0.0212,342.7469458,6.19E-05,strassen ,8,2.6981,342.7469458,7.87E-03,strassenAvecLimite ,8,0.017,342.7469458,4.96E-05
conv ,8,0.0184,342.7469458,5.37E-05,strassen ,8,2.6807,342.7469458,7.82E-03,strassenAvecLimite ,8,0.0164,342.7469458,4.78E-05
conv ,8,0.0205,342.7469458,5.98E-05,strassen ,8,3.4221,342.7469458,9.98E-03,strassenAvecLimite ,8,0.0157,342.7469458,4.58E-05
conv ,8,0.0222,342.7469458,6.48E-05,strassen ,8,2.4208,342.7469458,7.06E-03,strassenAvecLimite ,8,0.0159,342.7469458,4.64E-05
conv ,8,0.0212,342.7469458,6.19E-05,strassen ,8,2.1811,342.7469458,6.36E-03,strassenAvecLimite ,8,0.0155,342.7469458,4.52E-05
conv ,8,0.0211,342.7469458,6.16E-05,strassen ,8,2.6074,342.7469458,7.61E-03,strassenAvecLimite ,8,0.0187,342.7469458,5.46E-05
conv ,8,0.0232,342.7469458,6.77E-05,strassen ,8,2.6339,342.7469458,7.68E-03,strassenAvecLimite ,8,0.0177,342.7469458,5.16E-05
conv ,8,0.0223,342.7469458,6.51E-05,strassen ,8,2.6119,342.7469458,7.62E-03,strassenAvecLimite ,8,0.0169,342.7469458,4.93E-05
conv ,8,0.0225,342.7469458,6.56E-05,strassen ,8,2.5698,342.7469458,7.50E-03,strassenAvecLimite ,8,0.0167,342.7469458,4.87E-05
conv ,8,0.0243,342.7469458,7.09E-05,strassen ,8,2.1963,342.7469458,6.41E-03,strassenAvecLimite ,8,0.0159,342.7469458,4.64E-05
conv ,8,0.0215,342.7469458,6.27E-05,strassen ,8,2.1862,342.7469458,6.38E-03,strassenAvecLimite ,8,0.0161,342.7469458,4.70E-05
conv ,8,0.0229,342.7469458,6.68E-05,strassen ,8,2.2026,342.7469458,6.43E-03,strassenAvecLimite ,8,0.0154,342.7469458,4.49E-05
conv ,8,0.0188,342.7469458,5.49E-05,strassen ,8,2.2856,342.7469458,6.67E-03,strassenAvecLimite ,8,0.0186,342.7469458,5.43E-05
conv ,8,0.02,342.7469458,5.84E-05,strassen ,8,2.5717,342.7469458,7.50E-03,strassenAvecLimite ,8,0.0178,342.7469458,5.19E-05
conv ,8,0.0288,342.7469458,8.40E-05,strassen ,8,2.5666,342.7469458,7.49E-03,strassenAvecLimite ,8,0.0164,342.7469458,4.78E-05
conv ,8,0.0209,342.7469458,6.10E-05,strassen ,8,2.3077,342.7469458,6.73E-03,strassenAvecLimite ,8,0.0223,342.7469458,6.51E-05
conv ,8,0.0212,342.7469458,6.19E-05,strassen ,8,2.3394,342.7469458,6.83E-03,strassenAvecLimite ,8,0.0154,342.7469458,4.49E-05
conv ,8,0.0227,342.7469458,6.62E-05,strassen ,8,2.4978,342.7469458,7.29E-03,strassenAvecLimite ,8,0.019,342.7469458,5.54E-05
conv ,8,0.0212,342.7469458,6.19E-05,strassen ,8,3.6631,342.7469458,1.07E-02,strassenAvecLimite ,8,0.0205,342.7469458,5.98E-05
conv ,8,0.0231,342.7469458,6.74E-05,strassen ,8,2.4374,342.7469458,7.11E-03,strassenAvecLimite ,8,0.0195,342.7469458,5.69E-05
conv ,8,0.0197,342.7469458,5.75E-05,strassen ,8,2.6139,342.7469458,7.63E-03,strassenAvecLimite ,8,0.0167,342.7469458,4.87E-05
conv ,8,0.0245,342.7469458,7.15E-05,strassen ,8,2.073,342.7469458,6.05E-03,strassenAvecLimite ,8,0.016,342.7469458,4.67E-05
conv ,8,0.023,342.7469458,6.71E-05,strassen ,8,2.601,342.7469458,7.59E-03,strassenAvecLimite ,8,0.0155,342.7469458,4.52E-05
conv ,8,0.0207,342.7469458,6.04E-05,strassen ,8,2.5687,342.7469458,7.49E-03,strassenAvecLimite ,8,0.0155,342.7469458,4.52E-05
conv ,8,0.0209,342.7469458,6.10E-05,strassen ,8,2.3819,342.7469458,6.95E-03,strassenAvecLimite ,8,0.0164,342.7469458,4.78E-05
conv ,16,0.073,2398.638451,3.04E-05,strassen ,16,15.5036,2398.638451,6.46E-03,strassenAvecLimite ,16,0.0616,2398.638451,2.57E-05
conv ,16,0.0776,2398.638451,3.24E-05,strassen ,16,16.8326,2398.638451,7.02E-03,strassenAvecLimite ,16,0.0777,2398.638451,3.24E-05
conv ,16,0.0795,2398.638451,3.31E-05,strassen ,16,15.1805,2398.638451,6.33E-03,strassenAvecLimite ,16,0.0767,2398.638451,3.20E-05
conv ,16,0.0812,2398.638451,3.39E-05,strassen ,16,15.3668,2398.638451,6.41E-03,strassenAvecLimite ,16,0.07,2398.638451,2.92E-05
conv ,16,0.0848,2398.638451,3.54E-05,strassen ,16,16.0576,2398.638451,6.69E-03,strassenAvecLimite ,16,0.0872,2398.638451,3.64E-05
conv ,16,0.0807,2398.638451,3.36E-05,strassen ,16,15.2783,2398.638451,6.37E-03,strassenAvecLimite ,16,0.0731,2398.638451,3.05E-05
conv ,16,0.0723,2398.638451,3.01E-05,strassen ,16,15.0249,2398.638451,6.26E-03,strassenAvecLimite ,16,0.0668,2398.638451,2.78E-05
conv ,16,0.08,2398.638451,3.34E-05,strassen ,16,15.8814,2398.638451,6.62E-03,strassenAvecLimite ,16,0.0646,2398.638451,2.69E-05
conv ,16,0.0757,2398.638451,3.16E-05,strassen ,16,16.8683,2398.638451,7.03E-03,strassenAvecLimite ,16,0.0662,2398.638451,2.76E-05
conv ,16,0.0763,2398.638451,3.18E-05,strassen ,16,16.2264,2398.638451,6.76E-03,strassenAvecLimite ,16,0.0572,2398.638451,2.38E-05
conv ,16,0.0843,2398.638451,3.51E-05,strassen ,16,17.2577,2398.638451,7.19E-03,strassenAvecLimite ,16,0.0569,2398.638451,2.37E-05
conv ,16,0.08,2398.638451,3.34E-05,strassen ,16,24.1195,2398.638451,1.01E-02,strassenAvecLimite ,16,0.0614,2398.638451,2.56E-05
conv ,16,0.082,2398.638451,3.42E-05,strassen ,16,16.8216,2398.638451,7.01E-03,strassenAvecLimite ,16,0.059,2398.638451,2.46E-05
conv ,16,0.0727,2398.638451,3.03E-05,strassen ,16,14.7639,2398.638451,6.16E-03,strassenAvecLimite ,16,0.0571,2398.638451,2.38E-05
conv ,16,0.1305,2398.638451,5.44E-05,strassen ,16,15.3366,2398.638451,6.39E-03,strassenAvecLimite ,16,0.073,2398.638451,3.04E-05
conv ,16,0.0887,2398.638451,3.70E-05,strassen ,16,18.2204,2398.638451,7.60E-03,strassenAvecLimite ,16,0.0667,2398.638451,2.78E-05
conv ,16,0.0728,2398.638451,3.04E-05,strassen ,16,18.2514,2398.638451,7.61E-03,strassenAvecLimite ,16,0.0649,2398.638451,2.71E-05
conv ,16,0.0777,2398.638451,3.24E-05,strassen ,16,14.5836,2398.638451,6.08E-03,strassenAvecLimite ,16,0.0644,2398.638451,2.68E-05
conv ,16,0.078,2398.638451,3.25E-05,strassen ,16,16.1791,2398.638451,6.75E-03,strassenAvecLimite ,16,0.0667,2398.638451,2.78E-05
conv ,16,0.0896,2398.638451,3.74E-05,strassen ,16,16.5792,2398.638451,6.91E-03,strassenAvecLimite ,16,0.0697,2398.638451,2.91E-05
conv ,16,0.086,2398.638451,3.59E-05,strassen ,16,15.5364,2398.638451,6.48E-03,strassenAvecLimite ,16,0.0647,2398.638451,2.70E-05
conv ,16,0.0763,2398.638451,3.18E-05,strassen ,16,15.7306,2398.638451,6.56E-03,strassenAvecLimite ,16,0.0646,2398.638451,2.69E-05
conv ,16,0.0732,2398.638451,3.05E-05,strassen ,16,13.409,2398.638451,5.59E-03,strassenAvecLimite ,16,0.0667,2398.638451,2.78E-05
conv ,16,0.0768,2398.638451,3.20E-05,strassen ,16,13.6688,2398.638451,5.70E-03,strassenAvecLimite ,16,0.066,2398.638451,2.75E-05
conv ,16,0.1047,2398.638451,4.36E-05,strassen ,16,23.5407,2398.638451,9.81E-03,strassenAvecLimite ,16,0.0694,2398.638451,2.89E-05
conv ,16,0.0729,2398.638451,3.04E-05,strassen ,16,15.9762,2398.638451,6.66E-03,strassenAvecLimite ,16,0.0696,2398.638451,2.90E-05
conv ,16,0.0726,2398.638451,3.03E-05,strassen ,16,15.1128,2398.638451,6.30E-03,strassenAvecLimite ,16,0.0764,2398.638451,3.19E-05
conv ,16,0.0804,2398.638451,3.35E-05,strassen ,16,14.0204,2398.638451,5.85E-03,strassenAvecLimite ,16,0.064,2398.638451,2.67E-05
conv ,16,0.0865,2398.638451,3.61E-05,strassen ,16,17.7282,2398.638451,7.39E-03,strassenAvecLimite ,16,0.0766,2398.638451,3.19E-05
conv ,16,0.0866,2398.638451,3.61E-05,strassen ,16,14.8819,2398.638451,6.20E-03,strassenAvecLimite ,16,0.0697,2398.638451,2.91E-05
conv ,16,0.0792,2398.638451,3.30E-05,strassen ,16,20.3582,2398.638451,8.49E-03,strassenAvecLimite ,16,0.0663,2398.638451,2.76E-05
conv ,16,0.0703,2398.638451,2.93E-05,strassen ,16,14.2621,2398.638451,5.95E-03,strassenAvecLimite ,16,0.0707,2398.638451,2.95E-05
conv ,16,0.1328,2398.638451,5.54E-05,strassen ,16,15.36,2398.638451,6.40E-03,strassenAvecLimite ,16,0.0697,2398.638451,2.91E-05
conv ,16,0.0801,2398.638451,3.34E-05,strassen ,16,17.1433,2398.638451,7.15E-03,strassenAvecLimite ,16,0.0667,2398.638451,2.78E-05
conv ,16,0.0775,2398.638451,3.23E-05,strassen ,16,14.5412,2398.638451,6.06E-03,strassenAvecLimite ,16,0.0671,2398.638451,2.80E-05
conv ,16,0.0803,2398.638451,3.35E-05,strassen ,16,15.9337,2398.638451,6.64E-03,strassenAvecLimite ,16,0.0731,2398.638451,3.05E-05
conv ,16,0.0907,2398.638451,3.78E-05,strassen ,16,16.33,2398.638451,6.81E-03,strassenAvecLimite ,16,0.0729,2398.638451,3.04E-05
conv ,16,0.0866,2398.638451,3.61E-05,strassen ,16,16.284,2398.638451,6.79E-03,strassenAvecLimite ,16,0.0766,2398.638451,3.19E-05
conv ,16,0.0808,2398.638451,3.37E-05,strassen ,16,20.6377,2398.638451,8.60E-03,strassenAvecLimite ,16,0.0728,2398.638451,3.04E-05
conv ,16,0.073,2398.638451,3.04E-05,strassen ,16,16.0974,2398.638451,6.71E-03,strassenAvecLimite ,16,0.0667,2398.638451,2.78E-05
conv ,16,0.0724,2398.638451,3.02E-05,strassen ,16,16.689,2398.638451,6.96E-03,strassenAvecLimite ,16,0.0758,2398.638451,3.16E-05
conv ,16,0.0695,2398.638451,2.90E-05,strassen ,16,14.9032,2398.638451,6.21E-03,strassenAvecLimite ,16,0.0795,2398.638451,3.31E-05
conv ,16,0.0727,2398.638451,3.03E-05,strassen ,16,14.2293,2398.638451,5.93E-03,strassenAvecLimite ,16,0.0672,2398.638451,2.80E-05
conv ,16,0.0691,2398.638451,2.88E-05,strassen ,16,16.637,2398.638451,6.94E-03,strassenAvecLimite ,16,0.0639,2398.638451,2.66E-05
conv ,16,0.0808,2398.638451,3.37E-05,strassen ,16,15.9,2398.638451,6.63E-03,strassenAvecLimite ,16,0.0666,2398.638451,2.78E-05
conv ,16,0.0838,2398.638451,3.49E-05,strassen ,16,14.7114,2398.638451,6.13E-03,strassenAvecLimite ,16,0.0672,2398.638451,2.80E-05
conv ,16,0.0799,2398.638451,3.33E-05,strassen ,16,16.0976,2398.638451,6.71E-03,strassenAvecLimite ,16,0.0666,2398.638451,2.78E-05
conv ,16,0.0835,2398.638451,3.48E-05,strassen ,16,15.7716,2398.638451,6.58E-03,strassenAvecLimite ,16,0.07,2398.638451,2.92E-05
conv ,16,0.076,2398.638451,3.17E-05,strassen ,16,16.0474,2398.638451,6.69E-03,strassenAvecLimite ,16,0.0769,2398.638451,3.21E-05
conv ,16,0.0852,2398.638451,3.55E-05,strassen ,16,18.4077,2398.638451,7.67E-03,strassenAvecLimite ,16,0.0754,2398.638451,3.14E-05
conv ,16,0.0805,2398.638451,3.36E-05,strassen ,16,14.7882,2398.638451,6.17E-03,strassenAvecLimite ,16,0.0698,2398.638451,2.91E-05
conv ,16,0.0798,2398.638451,3.33E-05,strassen ,16,14.8077,2398.638451,6.17E-03,strassenAvecLimite ,16,0.0607,2398.638451,2.53E-05
conv ,16,0.0927,2398.638451,3.86E-05,strassen ,16,14.6336,2398.638451,6.10E-03,strassenAvecLimite ,16,0.0674,2398.638451,2.81E-05
conv ,16,0.0812,2398.638451,3.39E-05,strassen ,16,13.9252,2398.638451,5.81E-03,strassenAvecLimite ,16,0.0698,2398.638451,2.91E-05
conv ,16,0.0726,2398.638451,3.03E-05,strassen ,16,14.3385,2398.638451,5.98E-03,strassenAvecLimite ,16,0.0666,2398.638451,2.78E-05
conv ,16,0.0724,2398.638451,3.02E-05,strassen ,16,16.2485,2398.638451,6.77E-03,strassenAvecLimite ,16,0.0674,2398.638451,2.81E-05
conv ,16,0.0773,2398.638451,3.22E-05,strassen ,16,14.6041,2398.638451,6.09E-03,strassenAvecLimite ,16,0.0733,2398.638451,3.06E-05
conv ,16,0.0788,2398.638451,3.29E-05,strassen ,16,17.3161,2398.638451,7.22E-03,strassenAvecLimite ,16,0.0666,2398.638451,2.78E-05
conv ,16,0.0718,2398.638451,2.99E-05,strassen ,16,15.2601,2398.638451,6.36E-03,strassenAvecLimite ,16,0.0637,2398.638451,2.66E-05
conv ,16,0.0721,2398.638451,3.01E-05,strassen ,16,15.7227,2398.638451,6.55E-03,strassenAvecLimite ,16,0.0637,2398.638451,2.66E-05
conv ,16,0.1844,2398.638451,7.69E-05,strassen ,16,16.9774,2398.638451,7.08E-03,strassenAvecLimite ,16,0.0619,2398.638451,2.58E-05
conv ,16,0.073,2398.638451,3.04E-05,strassen ,16,16.5068,2398.638451,6.88E-03,strassenAvecLimite ,16,0.0725,2398.638451,3.02E-05
conv ,16,0.0773,2398.638451,3.22E-05,strassen ,16,22.2342,2398.638451,9.27E-03,strassenAvecLimite ,16,0.067,2398.638451,2.79E-05
conv ,16,0.0849,2398.638451,3.54E-05,strassen ,16,15.9509,2398.638451,6.65E-03,strassenAvecLimite ,16,0.0638,2398.638451,2.66E-05
conv ,16,0.0801,2398.638451,3.34E-05,strassen ,16,15.3531,2398.638451,6.40E-03,strassenAvecLimite ,16,0.0642,2398.638451,2.68E-05
conv ,16,0.0791,2398.638451,3.30E-05,strassen ,16,15.0198,2398.638451,6.26E-03,strassenAvecLimite ,16,0.0714,2398.638451,2.98E-05
conv ,16,0.0846,2398.638451,3.53E-05,strassen ,16,14.4815,2398.638451,6.04E-03,strassenAvecLimite ,16,0.0664,2398.638451,2.77E-05
conv ,16,0.0701,2398.638451,2.92E-05,strassen ,16,14.8205,2398.638451,6.18E-03,strassenAvecLimite ,16,0.077,2398.638451,3.21E-05
conv ,16,0.0797,2398.638451,3.32E-05,strassen ,16,17.3501,2398.638451,7.23E-03,strassenAvecLimite ,16,0.0667,2398.638451,2.78E-05
conv ,16,0.084,2398.638451,3.50E-05,strassen ,16,15.0519,2398.638451,6.28E-03,strassenAvecLimite ,16,0.0769,2398.638451,3.21E-05
conv ,16,0.1194,2398.638451,4.98E-05,strassen ,16,15.718,2398.638451,6.55E-03,strassenAvecLimite ,16,0.067,2398.638451,2.79E-05
conv ,16,0.0736,2398.638451,3.07E-05,strassen ,16,16.2372,2398.638451,6.77E-03,strassenAvecLimite ,16,0.0639,2398.638451,2.66E-05
conv ,16,0.072,2398.638451,3.00E-05,strassen ,16,16.3688,2398.638451,6.82E-03,strassenAvecLimite ,16,0.0732,2398.638451,3.05E-05
conv ,16,0.0763,2398.638451,3.18E-05,strassen ,16,16.0402,2398.638451,6.69E-03,strassenAvecLimite ,16,0.069,2398.638451,2.88E-05
conv ,16,0.0755,2398.638451,3.15E-05,strassen ,16,16.1628,2398.638451,6.74E-03,strassenAvecLimite ,16,0.0672,2398.638451,2.80E-05
conv ,16,0.0767,2398.638451,3.20E-05,strassen ,16,18.8494,2398.638451,7.86E-03,strassenAvecLimite ,16,0.0672,2398.638451,2.80E-05
conv ,16,0.0801,2398.638451,3.34E-05,strassen ,16,14.8089,2398.638451,6.17E-03,strassenAvecLimite ,16,0.0671,2398.638451,2.80E-05
conv ,16,0.0784,2398.638451,3.27E-05,strassen ,16,17.19,2398.638451,7.17E-03,strassenAvecLimite ,16,0.0639,2398.638451,2.66E-05
conv ,16,0.0798,2398.638451,3.33E-05,strassen ,16,15.1683,2398.638451,6.32E-03,strassenAvecLimite ,16,0.0613,2398.638451,2.56E-05
conv ,16,0.0722,2398.638451,3.01E-05,strassen ,16,15.1785,2398.638451,6.33E-03,strassenAvecLimite ,16,0.0732,2398.638451,3.05E-05
conv ,16,0.0703,2398.638451,2.93E-05,strassen ,16,16.1292,2398.638451,6.72E-03,strassenAvecLimite ,16,0.0711,2398.638451,2.96E-05
conv ,16,0.0765,2398.638451,3.19E-05,strassen ,16,15.5876,2398.638451,6.50E-03,strassenAvecLimite ,16,0.0771,2398.638451,3.21E-05
conv ,16,0.0769,2398.638451,3.21E-05,strassen ,16,16.064,2398.638451,6.70E-03,strassenAvecLimite ,16,0.07,2398.638451,2.92E-05
conv ,16,0.0921,2398.638451,3.84E-05,strassen ,16,15.0567,2398.638451,6.28E-03,strassenAvecLimite ,16,0.0695,2398.638451,2.90E-05
conv ,16,0.0889,2398.638451,3.71E-05,strassen ,16,14.52,2398.638451,6.05E-03,strassenAvecLimite ,16,0.0674,2398.638451,2.81E-05
conv ,16,0.0825,2398.638451,3.44E-05,strassen ,16,16.1119,2398.638451,6.72E-03,strassenAvecLimite ,16,0.0711,2398.638451,2.96E-05
conv ,16,0.0711,2398.638451,2.96E-05,strassen ,16,15.4592,2398.638451,6.44E-03,strassenAvecLimite ,16,0.0618,2398.638451,2.58E-05
conv ,16,0.0796,2398.638451,3.32E-05,strassen ,16,15.1359,2398.638451,6.31E-03,strassenAvecLimite ,16,0.0787,2398.638451,3.28E-05
conv ,16,0.0765,2398.638451,3.19E-05,strassen ,16,18.2011,2398.638451,7.59E-03,strassenAvecLimite ,16,0.0757,2398.638451,3.16E-05
conv ,16,0.0816,2398.638451,3.40E-05,strassen ,16,16.0284,2398.638451,6.68E-03,strassenAvecLimite ,16,0.0729,2398.638451,3.04E-05
conv ,16,0.0752,2398.638451,3.14E-05,strassen ,16,16.4079,2398.638451,6.84E-03,strassenAvecLimite ,16,0.0665,2398.638451,2.77E-05
conv ,16,0.0786,2398.638451,3.28E-05,strassen ,16,14.3964,2398.638451,6.00E-03,strassenAvecLimite ,16,0.0703,2398.638451,2.93E-05
conv ,16,0.0761,2398.638451,3.17E-05,strassen ,16,15.1834,2398.638451,6.33E-03,strassenAvecLimite ,16,0.0694,2398.638451,2.89E-05
conv ,16,0.0801,2398.638451,3.34E-05,strassen ,16,14.5623,2398.638451,6.07E-03,strassenAvecLimite ,16,0.0728,2398.638451,3.04E-05
conv ,16,0.0762,2398.638451,3.18E-05,strassen ,16,16.9603,2398.638451,7.07E-03,strassenAvecLimite ,16,0.0708,2398.638451,2.95E-05
conv ,16,0.0729,2398.638451,3.04E-05,strassen ,16,16.2978,2398.638451,6.79E-03,strassenAvecLimite ,16,0.0636,2398.638451,2.65E-05
conv ,16,0.0851,2398.638451,3.55E-05,strassen ,16,15.0642,2398.638451,6.28E-03,strassenAvecLimite ,16,0.064,2398.638451,2.67E-05
conv ,16,0.0692,2398.638451,2.88E-05,strassen ,16,14.0967,2398.638451,5.88E-03,strassenAvecLimite ,16,0.077,2398.638451,3.21E-05
conv ,16,0.0693,2398.638451,2.89E-05,strassen ,16,14.7201,2398.638451,6.14E-03,strassenAvecLimite ,16,0.0721,2398.638451,3.01E-05
conv ,16,0.0956,2398.638451,3.99E-05,strassen ,16,14.5977,2398.638451,6.09E-03,strassenAvecLimite ,16,0.0717,2398.638451,2.99E-05
conv ,32,0.5107,16786.33899,3.04E-05,strassen ,32,126.218,16786.33899,7.52E-03,strassenAvecLimite ,32,0.8358,16786.33899,4.98E-05
conv ,32,0.4514,16786.33899,2.69E-05,strassen ,32,128.683,16786.33899,7.67E-03,strassenAvecLimite ,32,0.8495,16786.33899,5.06E-05
conv ,32,0.4867,16786.33899,2.90E-05,strassen ,32,119.056,16786.33899,7.09E-03,strassenAvecLimite ,32,0.9127,16786.33899,5.44E-05
conv ,32,0.4916,16786.33899,2.93E-05,strassen ,32,128.654,16786.33899,7.66E-03,strassenAvecLimite ,32,0.8824,16786.33899,5.26E-05
conv ,32,0.4766,16786.33899,2.84E-05,strassen ,32,150.928,16786.33899,8.99E-03,strassenAvecLimite ,32,1.0193,16786.33899,6.07E-05
conv ,32,0.4827,16786.33899,2.88E-05,strassen ,32,131.514,16786.33899,7.83E-03,strassenAvecLimite ,32,1.0857,16786.33899,6.47E-05
conv ,32,0.5539,16786.33899,3.30E-05,strassen ,32,120.391,16786.33899,7.17E-03,strassenAvecLimite ,32,0.9344,16786.33899,5.57E-05
conv ,32,0.5439,16786.33899,3.24E-05,strassen ,32,109.433,16786.33899,6.52E-03,strassenAvecLimite ,32,1.0298,16786.33899,6.13E-05
conv ,32,0.4966,16786.33899,2.96E-05,strassen ,32,126.868,16786.33899,7.56E-03,strassenAvecLimite ,32,0.9622,16786.33899,5.73E-05
conv ,32,0.5168,16786.33899,3.08E-05,strassen ,32,111.247,16786.33899,6.63E-03,strassenAvecLimite ,32,0.8761,16786.33899,5.22E-05
conv ,32,0.4897,16786.33899,2.92E-05,strassen ,32,129.519,16786.33899,7.72E-03,strassenAvecLimite ,32,0.8359,16786.33899,4.98E-05
conv ,32,0.5481,16786.33899,3.27E-05,strassen ,32,134.522,16786.33899,8.01E-03,strassenAvecLimite ,32,0.9562,16786.33899,5.70E-05
conv ,32,0.578,16786.33899,3.44E-05,strassen ,32,119.593,16786.33899,7.12E-03,strassenAvecLimite ,32,1.0257,16786.33899,6.11E-05
conv ,32,1.1672,16786.33899,6.95E-05,strassen ,32,111.495,16786.33899,6.64E-03,strassenAvecLimite ,32,0.8945,16786.33899,5.33E-05
conv ,32,0.5784,16786.33899,3.45E-05,strassen ,32,122.827,16786.33899,7.32E-03,strassenAvecLimite ,32,0.7671,16786.33899,4.57E-05
conv ,32,0.5109,16786.33899,3.04E-05,strassen ,32,104.942,16786.33899,6.25E-03,strassenAvecLimite ,32,0.9577,16786.33899,5.71E-05
conv ,32,0.4803,16786.33899,2.86E-05,strassen ,32,123.464,16786.33899,7.36E-03,strassenAvecLimite ,32,0.7782,16786.33899,4.64E-05
conv ,32,0.5079,16786.33899,3.03E-05,strassen ,32,117.957,16786.33899,7.03E-03,strassenAvecLimite ,32,0.9473,16786.33899,5.64E-05
conv ,32,0.4887,16786.33899,2.91E-05,strassen ,32,133.762,16786.33899,7.97E-03,strassenAvecLimite ,32,0.9313,16786.33899,5.55E-05
conv ,32,0.5123,16786.33899,3.05E-05,strassen ,32,108.919,16786.33899,6.49E-03,strassenAvecLimite ,32,0.9551,16786.33899,5.69E-05
conv ,32,0.5496,16786.33899,3.27E-05,strassen ,32,110.963,16786.33899,6.61E-03,strassenAvecLimite ,32,1.012,16786.33899,6.03E-05
conv ,32,0.4738,16786.33899,2.82E-05,strassen ,32,124.793,16786.33899,7.43E-03,strassenAvecLimite ,32,0.957,16786.33899,5.70E-05
conv ,32,0.4707,16786.33899,2.80E-05,strassen ,32,118.033,16786.33899,7.03E-03,strassenAvecLimite ,32,0.8608,16786.33899,5.13E-05
conv ,32,0.5102,16786.33899,3.04E-05,strassen ,32,119.268,16786.33899,7.11E-03,strassenAvecLimite ,32,0.8836,16786.33899,5.26E-05
conv ,32,0.4971,16786.33899,2.96E-05,strassen ,32,123.82,16786.33899,7.38E-03,strassenAvecLimite ,32,0.9234,16786.33899,5.50E-05
conv ,32,0.503,16786.33899,3.00E-05,strassen ,32,108.036,16786.33899,6.44E-03,strassenAvecLimite ,32,3.1227,16786.33899,1.86E-04
conv ,32,0.5041,16786.33899,3.00E-05,strassen ,32,112.012,16786.33899,6.67E-03,strassenAvecLimite ,32,0.9215,16786.33899,5.49E-05
conv ,32,0.4982,16786.33899,2.97E-05,strassen ,32,122.212,16786.33899,7.28E-03,strassenAvecLimite ,32,0.8037,16786.33899,4.79E-05
conv ,32,0.5059,16786.33899,3.01E-05,strassen ,32,112.992,16786.33899,6.73E-03,strassenAvecLimite ,32,0.8736,16786.33899,5.20E-05
conv ,32,0.5304,16786.33899,3.16E-05,strassen ,32,114.001,16786.33899,6.79E-03,strassenAvecLimite ,32,0.923,16786.33899,5.50E-05
conv ,32,0.5889,16786.33899,3.51E-05,strassen ,32,180.843,16786.33899,1.08E-02,strassenAvecLimite ,32,0.8697,16786.33899,5.18E-05
conv ,32,0.526,16786.33899,3.13E-05,strassen ,32,118.849,16786.33899,7.08E-03,strassenAvecLimite ,32,0.8794,16786.33899,5.24E-05
conv ,32,0.4954,16786.33899,2.95E-05,strassen ,32,127.703,16786.33899,7.61E-03,strassenAvecLimite ,32,0.8735,16786.33899,5.20E-05
conv ,32,0.5143,16786.33899,3.06E-05,strassen ,32,118.29,16786.33899,7.05E-03,strassenAvecLimite ,32,0.9569,16786.33899,5.70E-05
conv ,32,0.5076,16786.33899,3.02E-05,strassen ,32,106.649,16786.33899,6.35E-03,strassenAvecLimite ,32,0.9675,16786.33899,5.76E-05
conv ,32,0.4459,16786.33899,2.66E-05,strassen ,32,123.099,16786.33899,7.33E-03,strassenAvecLimite ,32,0.8999,16786.33899,5.36E-05
conv ,32,0.4699,16786.33899,2.80E-05,strassen ,32,116.726,16786.33899,6.95E-03,strassenAvecLimite ,32,0.8017,16786.33899,4.78E-05
conv ,32,0.4929,16786.33899,2.94E-05,strassen ,32,116.871,16786.33899,6.96E-03,strassenAvecLimite ,32,0.8391,16786.33899,5.00E-05
conv ,32,0.5133,16786.33899,3.06E-05,strassen ,32,115.482,16786.33899,6.88E-03,strassenAvecLimite ,32,0.9645,16786.33899,5.75E-05
conv ,32,0.5556,16786.33899,3.31E-05,strassen ,32,117.022,16786.33899,6.97E-03,strassenAvecLimite ,32,0.8446,16786.33899,5.03E-05
conv ,32,0.4862,16786.33899,2.90E-05,strassen ,32,112.997,16786.33899,6.73E-03,strassenAvecLimite ,32,0.9307,16786.33899,5.54E-05
conv ,32,0.5629,16786.33899,3.35E-05,strassen ,32,102.496,16786.33899,6.11E-03,strassenAvecLimite ,32,1.0061,16786.33899,5.99E-05
conv ,32,0.5152,16786.33899,3.07E-05,strassen ,32,106.587,16786.33899,6.35E-03,strassenAvecLimite ,32,0.9243,16786.33899,5.51E-05
conv ,32,0.6101,16786.33899,3.63E-05,strassen ,32,132.124,16786.33899,7.87E-03,strassenAvecLimite ,32,0.9133,16786.33899,5.44E-05
conv ,32,0.4809,16786.33899,2.86E-05,strassen ,32,116.996,16786.33899,6.97E-03,strassenAvecLimite ,32,1.0741,16786.33899,6.40E-05
conv ,32,0.478,16786.33899,2.85E-05,strassen ,32,120.435,16786.33899,7.17E-03,strassenAvecLimite ,32,0.9265,16786.33899,5.52E-05
conv ,32,0.6035,16786.33899,3.60E-05,strassen ,32,98.021,16786.33899,5.84E-03,strassenAvecLimite ,32,0.8381,16786.33899,4.99E-05
conv ,32,0.5059,16786.33899,3.01E-05,strassen ,32,139.857,16786.33899,8.33E-03,strassenAvecLimite ,32,0.9146,16786.33899,5.45E-05
conv ,32,0.5397,16786.33899,3.22E-05,strassen ,32,114.598,16786.33899,6.83E-03,strassenAvecLimite ,32,0.8382,16786.33899,4.99E-05
conv ,32,0.4973,16786.33899,2.96E-05,strassen ,32,128.228,16786.33899,7.64E-03,strassenAvecLimite ,32,0.8743,16786.33899,5.21E-05
conv ,32,1.4755,16786.33899,8.79E-05,strassen ,32,111.178,16786.33899,6.62E-03,strassenAvecLimite ,32,0.9005,16786.33899,5.36E-05
conv ,32,0.5166,16786.33899,3.08E-05,strassen ,32,110.853,16786.33899,6.60E-03,strassenAvecLimite ,32,0.9571,16786.33899,5.70E-05
conv ,32,0.5237,16786.33899,3.12E-05,strassen ,32,128.911,16786.33899,7.68E-03,strassenAvecLimite ,32,0.8826,16786.33899,5.26E-05
conv ,32,0.6082,16786.33899,3.62E-05,strassen ,32,100.227,16786.33899,5.97E-03,strassenAvecLimite ,32,0.8792,16786.33899,5.24E-05
conv ,32,0.4862,16786.33899,2.90E-05,strassen ,32,140.968,16786.33899,8.40E-03,strassenAvecLimite ,32,0.8248,16786.33899,4.91E-05
conv ,32,0.5485,16786.33899,3.27E-05,strassen ,32,113.458,16786.33899,6.76E-03,strassenAvecLimite ,32,0.8111,16786.33899,4.83E-05
conv ,32,0.5349,16786.33899,3.19E-05,strassen ,32,121.447,16786.33899,7.23E-03,strassenAvecLimite ,32,0.9166,16786.33899,5.46E-05
conv ,32,0.5441,16786.33899,3.24E-05,strassen ,32,122.084,16786.33899,7.27E-03,strassenAvecLimite ,32,0.9711,16786.33899,5.79E-05
conv ,32,0.4746,16786.33899,2.83E-05,strassen ,32,114.834,16786.33899,6.84E-03,strassenAvecLimite ,32,0.9649,16786.33899,5.75E-05
conv ,32,0.5564,16786.33899,3.31E-05,strassen ,32,117.356,16786.33899,6.99E-03,strassenAvecLimite ,32,1.0066,16786.33899,6.00E-05
conv ,32,0.5749,16786.33899,3.42E-05,strassen ,32,119.269,16786.33899,7.11E-03,strassenAvecLimite ,32,0.9203,16786.33899,5.48E-05
conv ,32,0.5736,16786.33899,3.42E-05,strassen ,32,146.357,16786.33899,8.72E-03,strassenAvecLimite ,32,0.8499,16786.33899,5.06E-05
conv ,32,0.4916,16786.33899,2.93E-05,strassen ,32,127.253,16786.33899,7.58E-03,strassenAvecLimite ,32,0.8698,16786.33899,5.18E-05
conv ,32,0.4864,16786.33899,2.90E-05,strassen ,32,107.025,16786.33899,6.38E-03,strassenAvecLimite ,32,0.8519,16786.33899,5.07E-05
conv ,32,0.5216,16786.33899,3.11E-05,strassen ,32,131.571,16786.33899,7.84E-03,strassenAvecLimite ,32,0.9647,16786.33899,5.75E-05
conv ,32,0.5321,16786.33899,3.17E-05,strassen ,32,110.596,16786.33899,6.59E-03,strassenAvecLimite ,32,0.8847,16786.33899,5.27E-05
conv ,32,0.6644,16786.33899,3.96E-05,strassen ,32,128.522,16786.33899,7.66E-03,strassenAvecLimite ,32,0.8414,16786.33899,5.01E-05
conv ,32,0.5478,16786.33899,3.26E-05,strassen ,32,109.243,16786.33899,6.51E-03,strassenAvecLimite ,32,0.84,16786.33899,5.00E-05
conv ,32,0.5141,16786.33899,3.06E-05,strassen ,32,111.672,16786.33899,6.65E-03,strassenAvecLimite ,32,0.8612,16786.33899,5.13E-05
conv ,32,0.4793,16786.33899,2.86E-05,strassen ,32,110.445,16786.33899,6.58E-03,strassenAvecLimite ,32,0.9166,16786.33899,5.46E-05
conv ,32,0.5181,16786.33899,3.09E-05,strassen ,32,111.673,16786.33899,6.65E-03,strassenAvecLimite ,32,0.835,16786.33899,4.97E-05
conv ,32,0.5048,16786.33899,3.01E-05,strassen ,32,125.85,16786.33899,7.50E-03,strassenAvecLimite ,32,0.8455,16786.33899,5.04E-05
conv ,32,0.4887,16786.33899,2.91E-05,strassen ,32,111.833,16786.33899,6.66E-03,strassenAvecLimite ,32,0.8438,16786.33899,5.03E-05
conv ,32,0.5875,16786.33899,3.50E-05,strassen ,32,110.794,16786.33899,6.60E-03,strassenAvecLimite ,32,0.9607,16786.33899,5.72E-05
conv ,32,0.5472,16786.33899,3.26E-05,strassen ,32,129.605,16786.33899,7.72E-03,strassenAvecLimite ,32,0.8721,16786.33899,5.20E-05
conv ,32,0.5257,16786.33899,3.13E-05,strassen ,32,103.942,16786.33899,6.19E-03,strassenAvecLimite ,32,0.8351,16786.33899,4.97E-05
conv ,32,0.5669,16786.33899,3.38E-05,strassen ,32,132.901,16786.33899,7.92E-03,strassenAvecLimite ,32,0.8,16786.33899,4.77E-05
conv ,32,0.5448,16786.33899,3.25E-05,strassen ,32,115.923,16786.33899,6.91E-03,strassenAvecLimite ,32,1.067,16786.33899,6.36E-05
conv ,32,0.5221,16786.33899,3.11E-05,strassen ,32,161.569,16786.33899,9.63E-03,strassenAvecLimite ,32,0.9099,16786.33899,5.42E-05
conv ,32,0.4688,16786.33899,2.79E-05,strassen ,32,120.868,16786.33899,7.20E-03,strassenAvecLimite ,32,0.8725,16786.33899,5.20E-05
conv ,32,0.5285,16786.33899,3.15E-05,strassen ,32,120.929,16786.33899,7.20E-03,strassenAvecLimite ,32,0.7834,16786.33899,4.67E-05
conv ,32,0.5145,16786.33899,3.06E-05,strassen ,32,115.575,16786.33899,6.89E-03,strassenAvecLimite ,32,0.8348,16786.33899,4.97E-05
conv ,32,0.5244,16786.33899,3.12E-05,strassen ,32,98.8125,16786.33899,5.89E-03,strassenAvecLimite ,32,1.1885,16786.33899,7.08E-05
conv ,32,0.5042,16786.33899,3.00E-05,strassen ,32,122.082,16786.33899,7.27E-03,strassenAvecLimite ,32,0.9614,16786.33899,5.73E-05
conv ,32,0.5978,16786.33899,3.56E-05,strassen ,32,100.693,16786.33899,6.00E-03,strassenAvecLimite ,32,0.8149,16786.33899,4.85E-05
conv ,32,0.5656,16786.33899,3.37E-05,strassen ,32,108.112,16786.33899,6.44E-03,strassenAvecLimite ,32,0.892,16786.33899,5.31E-05
conv ,32,0.5109,16786.33899,3.04E-05,strassen ,32,130.057,16786.33899,7.75E-03,strassenAvecLimite ,32,0.8838,16786.33899,5.26E-05
conv ,32,0.4677,16786.33899,2.79E-05,strassen ,32,109.59,16786.33899,6.53E-03,strassenAvecLimite ,32,0.8887,16786.33899,5.29E-05
conv ,32,0.4681,16786.33899,2.79E-05,strassen ,32,115.472,16786.33899,6.88E-03,strassenAvecLimite ,32,0.9818,16786.33899,5.85E-05
conv ,32,0.8177,16786.33899,4.87E-05,strassen ,32,125.289,16786.33899,7.46E-03,strassenAvecLimite ,32,0.8742,16786.33899,5.21E-05
conv ,32,0.5463,16786.33899,3.25E-05,strassen ,32,114.904,16786.33899,6.85E-03,strassenAvecLimite ,32,0.8363,16786.33899,4.98E-05
conv ,32,0.5501,16786.33899,3.28E-05,strassen ,32,119.356,16786.33899,7.11E-03,strassenAvecLimite ,32,0.8039,16786.33899,4.79E-05
conv ,32,1.0303,16786.33899,6.14E-05,strassen ,32,152.232,16786.33899,9.07E-03,strassenAvecLimite ,32,0.882,16786.33899,5.25E-05
conv ,32,0.5179,16786.33899,3.09E-05,strassen ,32,115.408,16786.33899,6.88E-03,strassenAvecLimite ,32,0.8613,16786.33899,5.13E-05
conv ,32,0.54,16786.33899,3.22E-05,strassen ,32,103.439,16786.33899,6.16E-03,strassenAvecLimite ,32,1.0008,16786.33899,5.96E-05
conv ,32,0.5256,16786.33899,3.13E-05,strassen ,32,113.878,16786.33899,6.78E-03,strassenAvecLimite ,32,0.8858,16786.33899,5.28E-05
conv ,32,0.5773,16786.33899,3.44E-05,strassen ,32,116.548,16786.33899,6.94E-03,strassenAvecLimite ,32,0.9327,16786.33899,5.56E-05
conv ,32,0.492,16786.33899,2.93E-05,strassen ,32,116.601,16786.33899,6.95E-03,strassenAvecLimite ,32,0.8742,16786.33899,5.21E-05
conv ,32,0.4584,16786.33899,2.73E-05,strassen ,32,110.556,16786.33899,6.59E-03,strassenAvecLimite ,32,0.7983,16786.33899,4.76E-05
conv ,32,0.524,16786.33899,3.12E-05,strassen ,32,114.772,16786.33899,6.84E-03,strassenAvecLimite ,32,0.9132,16786.33899,5.44E-05
conv ,64,3.5654,117475.4688,3.04E-05,strassen ,64,813.269,117475.4688,6.92E-03,strassenAvecLimite ,64,8.1012,117475.4688,6.90E-05
conv ,64,3.9797,117475.4688,3.39E-05,strassen ,64,830.429,117475.4688,7.07E-03,strassenAvecLimite ,64,6.9513,117475.4688,5.92E-05
conv ,64,3.741,117475.4688,3.18E-05,strassen ,64,825.866,117475.4688,7.03E-03,strassenAvecLimite ,64,6.0037,117475.4688,5.11E-05
conv ,64,5.5667,117475.4688,4.74E-05,strassen ,64,816.101,117475.4688,6.95E-03,strassenAvecLimite ,64,6.1414,117475.4688,5.23E-05
conv ,64,4.0789,117475.4688,3.47E-05,strassen ,64,791.74,117475.4688,6.74E-03,strassenAvecLimite ,64,5.4675,117475.4688,4.65E-05
conv ,64,3.5292,117475.4688,3.00E-05,strassen ,64,799.748,117475.4688,6.81E-03,strassenAvecLimite ,64,5.1675,117475.4688,4.40E-05
conv ,64,4.1364,117475.4688,3.52E-05,strassen ,64,799.221,117475.4688,6.80E-03,strassenAvecLimite ,64,5.6915,117475.4688,4.84E-05
conv ,64,4.2972,117475.4688,3.66E-05,strassen ,64,765.076,117475.4688,6.51E-03,strassenAvecLimite ,64,6.7923,117475.4688,5.78E-05
conv ,64,3.612,117475.4688,3.07E-05,strassen ,64,825.349,117475.4688,7.03E-03,strassenAvecLimite ,64,7.0086,117475.4688,5.97E-05
conv ,64,3.5662,117475.4688,3.04E-05,strassen ,64,814.064,117475.4688,6.93E-03,strassenAvecLimite ,64,5.8469,117475.4688,4.98E-05
conv ,64,3.959,117475.4688,3.37E-05,strassen ,64,789.49,117475.4688,6.72E-03,strassenAvecLimite ,64,5.547,117475.4688,4.72E-05
conv ,64,3.5638,117475.4688,3.03E-05,strassen ,64,768.484,117475.4688,6.54E-03,strassenAvecLimite ,64,6.1876,117475.4688,5.27E-05
conv ,64,5.0177,117475.4688,4.27E-05,strassen ,64,828.518,117475.4688,7.05E-03,strassenAvecLimite ,64,6.4108,117475.4688,5.46E-05
conv ,64,4.2887,117475.4688,3.65E-05,strassen ,64,782.174,117475.4688,6.66E-03,strassenAvecLimite ,64,6.5703,117475.4688,5.59E-05
conv ,64,4.8283,117475.4688,4.11E-05,strassen ,64,807.189,117475.4688,6.87E-03,strassenAvecLimite ,64,7.7899,117475.4688,6.63E-05
conv ,64,4.548,117475.4688,3.87E-05,strassen ,64,797.548,117475.4688,6.79E-03,strassenAvecLimite ,64,6.9847,117475.4688,5.95E-05
conv ,64,3.9035,117475.4688,3.32E-05,strassen ,64,841.515,117475.4688,7.16E-03,strassenAvecLimite ,64,6.4356,117475.4688,5.48E-05
conv ,64,3.7461,117475.4688,3.19E-05,strassen ,64,824.114,117475.4688,7.02E-03,strassenAvecLimite ,64,6.6823,117475.4688,5.69E-05
conv ,64,3.5307,117475.4688,3.01E-05,strassen ,64,820.427,117475.4688,6.98E-03,strassenAvecLimite ,64,7.2596,117475.4688,6.18E-05
conv ,64,6.0785,117475.4688,5.17E-05,strassen ,64,828.106,117475.4688,7.05E-03,strassenAvecLimite ,64,6.4482,117475.4688,5.49E-05
conv ,64,6.0944,117475.4688,5.19E-05,strassen ,64,823.561,117475.4688,7.01E-03,strassenAvecLimite ,64,7.8485,117475.4688,6.68E-05
conv ,64,3.3394,117475.4688,2.84E-05,strassen ,64,817.192,117475.4688,6.96E-03,strassenAvecLimite ,64,6.6757,117475.4688,5.68E-05
conv ,64,4.3343,117475.4688,3.69E-05,strassen ,64,820.472,117475.4688,6.98E-03,strassenAvecLimite ,64,6.2083,117475.4688,5.28E-05
conv ,64,4.454,117475.4688,3.79E-05,strassen ,64,863.077,117475.4688,7.35E-03,strassenAvecLimite ,64,5.8342,117475.4688,4.97E-05
conv ,64,3.4727,117475.4688,2.96E-05,strassen ,64,806.964,117475.4688,6.87E-03,strassenAvecLimite ,64,5.7612,117475.4688,4.90E-05
conv ,64,3.3903,117475.4688,2.89E-05,strassen ,64,768.821,117475.4688,6.54E-03,strassenAvecLimite ,64,7.6145,117475.4688,6.48E-05
conv ,64,3.7584,117475.4688,3.20E-05,strassen ,64,810.872,117475.4688,6.90E-03,strassenAvecLimite ,64,7.3786,117475.4688,6.28E-05
conv ,64,4.1039,117475.4688,3.49E-05,strassen ,64,843.641,117475.4688,7.18E-03,strassenAvecLimite ,64,6.9938,117475.4688,5.95E-05
conv ,64,4.8241,117475.4688,4.11E-05,strassen ,64,795.269,117475.4688,6.77E-03,strassenAvecLimite ,64,6.4265,117475.4688,5.47E-05
conv ,64,3.5663,117475.4688,3.04E-05,strassen ,64,836.251,117475.4688,7.12E-03,strassenAvecLimite ,64,6.355,117475.4688,5.41E-05
conv ,64,4.1457,117475.4688,3.53E-05,strassen ,64,826.014,117475.4688,7.03E-03,strassenAvecLimite ,64,6.9555,117475.4688,5.92E-05
conv ,64,4.3086,117475.4688,3.67E-05,strassen ,64,743.923,117475.4688,6.33E-03,strassenAvecLimite ,64,7.2608,117475.4688,6.18E-05
conv ,64,12.2461,117475.4688,1.04E-04,strassen ,64,836.511,117475.4688,7.12E-03,strassenAvecLimite ,64,6.468,117475.4688,5.51E-05
conv ,64,3.732,117475.4688,3.18E-05,strassen ,64,802.873,117475.4688,6.83E-03,strassenAvecLimite ,64,6.1051,117475.4688,5.20E-05
conv ,64,4.8456,117475.4688,4.12E-05,strassen ,64,791.896,117475.4688,6.74E-03,strassenAvecLimite ,64,6.5892,117475.4688,5.61E-05
conv ,64,3.5902,117475.4688,3.06E-05,strassen ,64,807.268,117475.4688,6.87E-03,strassenAvecLimite ,64,6.4484,117475.4688,5.49E-05
conv ,64,3.8823,117475.4688,3.30E-05,strassen ,64,820.995,117475.4688,6.99E-03,strassenAvecLimite ,64,6.2644,117475.4688,5.33E-05
conv ,64,3.7391,117475.4688,3.18E-05,strassen ,64,807.754,117475.4688,6.88E-03,strassenAvecLimite ,64,6.1266,117475.4688,5.22E-05
conv ,64,3.4597,117475.4688,2.95E-05,strassen ,64,791.993,117475.4688,6.74E-03,strassenAvecLimite ,64,6.5855,117475.4688,5.61E-05
conv ,64,3.9223,117475.4688,3.34E-05,strassen ,64,814.76,117475.4688,6.94E-03,strassenAvecLimite ,64,6.3136,117475.4688,5.37E-05
conv ,64,3.7139,117475.4688,3.16E-05,strassen ,64,827.747,117475.4688,7.05E-03,strassenAvecLimite ,64,6.5597,117475.4688,5.58E-05
conv ,64,3.7304,117475.4688,3.18E-05,strassen ,64,811.477,117475.4688,6.91E-03,strassenAvecLimite ,64,6.6385,117475.4688,5.65E-05
conv ,64,4.6955,117475.4688,4.00E-05,strassen ,64,824.042,117475.4688,7.01E-03,strassenAvecLimite ,64,6.5595,117475.4688,5.58E-05
conv ,64,4.5061,117475.4688,3.84E-05,strassen ,64,819.788,117475.4688,6.98E-03,strassenAvecLimite ,64,6.8543,117475.4688,5.83E-05
conv ,64,3.6697,117475.4688,3.12E-05,strassen ,64,807.476,117475.4688,6.87E-03,strassenAvecLimite ,64,7.4249,117475.4688,6.32E-05
conv ,64,3.9066,117475.4688,3.33E-05,strassen ,64,741.543,117475.4688,6.31E-03,strassenAvecLimite ,64,6.6617,117475.4688,5.67E-05
conv ,64,4.6497,117475.4688,3.96E-05,strassen ,64,758.343,117475.4688,6.46E-03,strassenAvecLimite ,64,7.8442,117475.4688,6.68E-05
conv ,64,3.8926,117475.4688,3.31E-05,strassen ,64,799.541,117475.4688,6.81E-03,strassenAvecLimite ,64,7.8216,117475.4688,6.66E-05
conv ,64,3.9203,117475.4688,3.34E-05,strassen ,64,829.459,117475.4688,7.06E-03,strassenAvecLimite ,64,6.6197,117475.4688,5.63E-05
conv ,64,3.9149,117475.4688,3.33E-05,strassen ,64,776.479,117475.4688,6.61E-03,strassenAvecLimite ,64,8.231,117475.4688,7.01E-05
conv ,64,3.7113,117475.4688,3.16E-05,strassen ,64,807.978,117475.4688,6.88E-03,strassenAvecLimite ,64,6.698,117475.4688,5.70E-05
conv ,64,3.539,117475.4688,3.01E-05,strassen ,64,783.139,117475.4688,6.67E-03,strassenAvecLimite ,64,6.3896,117475.4688,5.44E-05
conv ,64,3.8044,117475.4688,3.24E-05,strassen ,64,740.983,117475.4688,6.31E-03,strassenAvecLimite ,64,6.1395,117475.4688,5.23E-05
conv ,64,3.6105,117475.4688,3.07E-05,strassen ,64,802.201,117475.4688,6.83E-03,strassenAvecLimite ,64,6.8742,117475.4688,5.85E-05
conv ,64,4.209,117475.4688,3.58E-05,strassen ,64,775.568,117475.4688,6.60E-03,strassenAvecLimite ,64,7.2145,117475.4688,6.14E-05
conv ,64,3.6097,117475.4688,3.07E-05,strassen ,64,780.689,117475.4688,6.65E-03,strassenAvecLimite ,64,7.509,117475.4688,6.39E-05
conv ,64,4.0205,117475.4688,3.42E-05,strassen ,64,760.532,117475.4688,6.47E-03,strassenAvecLimite ,64,7.3452,117475.4688,6.25E-05
conv ,64,4.4244,117475.4688,3.77E-05,strassen ,64,817.294,117475.4688,6.96E-03,strassenAvecLimite ,64,6.2578,117475.4688,5.33E-05
conv ,64,4.4435,117475.4688,3.78E-05,strassen ,64,821.504,117475.4688,6.99E-03,strassenAvecLimite ,64,6.6066,117475.4688,5.62E-05
conv ,64,3.7485,117475.4688,3.19E-05,strassen ,64,793.504,117475.4688,6.75E-03,strassenAvecLimite ,64,8.2842,117475.4688,7.05E-05
conv ,64,3.7502,117475.4688,3.19E-05,strassen ,64,816.386,117475.4688,6.95E-03,strassenAvecLimite ,64,6.7087,117475.4688,5.71E-05
conv ,64,3.7339,117475.4688,3.18E-05,strassen ,64,810.432,117475.4688,6.90E-03,strassenAvecLimite ,64,6.7064,117475.4688,5.71E-05
conv ,64,4.3064,117475.4688,3.67E-05,strassen ,64,741.174,117475.4688,6.31E-03,strassenAvecLimite ,64,6.7463,117475.4688,5.74E-05
conv ,64,3.9115,117475.4688,3.33E-05,strassen ,64,779.687,117475.4688,6.64E-03,strassenAvecLimite ,64,7.7945,117475.4688,6.64E-05
conv ,64,3.579,117475.4688,3.05E-05,strassen ,64,845.929,117475.4688,7.20E-03,strassenAvecLimite ,64,6.9535,117475.4688,5.92E-05
conv ,64,4.0905,117475.4688,3.48E-05,strassen ,64,821.322,117475.4688,6.99E-03,strassenAvecLimite ,64,6.6644,117475.4688,5.67E-05
conv ,64,4.1502,117475.4688,3.53E-05,strassen ,64,791.788,117475.4688,6.74E-03,strassenAvecLimite ,64,5.9705,117475.4688,5.08E-05
conv ,64,3.8267,117475.4688,3.26E-05,strassen ,64,813.928,117475.4688,6.93E-03,strassenAvecLimite ,64,8.0789,117475.4688,6.88E-05
conv ,64,3.992,117475.4688,3.40E-05,strassen ,64,809.246,117475.4688,6.89E-03,strassenAvecLimite ,64,7.0633,117475.4688,6.01E-05
conv ,64,3.6679,117475.4688,3.12E-05,strassen ,64,735.004,117475.4688,6.26E-03,strassenAvecLimite ,64,6.6153,117475.4688,5.63E-05
conv ,64,3.8412,117475.4688,3.27E-05,strassen ,64,812.506,117475.4688,6.92E-03,strassenAvecLimite ,64,7.3407,117475.4688,6.25E-05
conv ,64,3.6652,117475.4688,3.12E-05,strassen ,64,811.951,117475.4688,6.91E-03,strassenAvecLimite ,64,9.3478,117475.4688,7.96E-05
conv ,64,4.3715,117475.4688,3.72E-05,strassen ,64,761.112,117475.4688,6.48E-03,strassenAvecLimite ,64,7.5463,117475.4688,6.42E-05
conv ,64,3.9217,117475.4688,3.34E-05,strassen ,64,769.803,117475.4688,6.55E-03,strassenAvecLimite ,64,6.7782,117475.4688,5.77E-05
conv ,64,4.0391,117475.4688,3.44E-05,strassen ,64,816.87,117475.4688,6.95E-03,strassenAvecLimite ,64,5.973,117475.4688,5.08E-05
conv ,64,3.547,117475.4688,3.02E-05,strassen ,64,782.59,117475.4688,6.66E-03,strassenAvecLimite ,64,6.5907,117475.4688,5.61E-05
conv ,64,4.3743,117475.4688,3.72E-05,strassen ,64,747.778,117475.4688,6.37E-03,strassenAvecLimite ,64,6.3392,117475.4688,5.40E-05
conv ,64,3.8893,117475.4688,3.31E-05,strassen ,64,842.506,117475.4688,7.17E-03,strassenAvecLimite ,64,6.4464,117475.4688,5.49E-05
conv ,64,3.6977,117475.4688,3.15E-05,strassen ,64,795.306,117475.4688,6.77E-03,strassenAvecLimite ,64,13.3412,117475.4688,1.14E-04
conv ,64,4.6369,117475.4688,3.95E-05,strassen ,64,756.964,117475.4688,6.44E-03,strassenAvecLimite ,64,7.502,117475.4688,6.39E-05
conv ,64,4.533,117475.4688,3.86E-05,strassen ,64,834.177,117475.4688,7.10E-03,strassenAvecLimite ,64,6.3724,117475.4688,5.42E-05
conv ,64,3.9155,117475.4688,3.33E-05,strassen ,64,863.164,117475.4688,7.35E-03,strassenAvecLimite ,64,5.9385,117475.4688,5.06E-05
conv ,64,4.1527,117475.4688,3.53E-05,strassen ,64,802.478,117475.4688,6.83E-03,strassenAvecLimite ,64,6.16,117475.4688,5.24E-05
conv ,64,3.8931,117475.4688,3.31E-05,strassen ,64,770.02,117475.4688,6.55E-03,strassenAvecLimite ,64,6.1823,117475.4688,5.26E-05
conv ,64,3.919,117475.4688,3.34E-05,strassen ,64,783.497,117475.4688,6.67E-03,strassenAvecLimite ,64,6.4852,117475.4688,5.52E-05
conv ,64,4.2206,117475.4688,3.59E-05,strassen ,64,810.483,117475.4688,6.90E-03,strassenAvecLimite ,64,6.9732,117475.4688,5.94E-05
conv ,64,4.2077,117475.4688,3.58E-05,strassen ,64,765.734,117475.4688,6.52E-03,strassenAvecLimite ,64,6.5462,117475.4688,5.57E-05
conv ,64,4.1434,117475.4688,3.53E-05,strassen ,64,777.472,117475.4688,6.62E-03,strassenAvecLimite ,64,6.1789,117475.4688,5.26E-05
conv ,64,4.1269,117475.4688,3.51E-05,strassen ,64,795.327,117475.4688,6.77E-03,strassenAvecLimite ,64,6.8315,117475.4688,5.82E-05
conv ,64,4.1879,117475.4688,3.56E-05,strassen ,64,752.485,117475.4688,6.41E-03,strassenAvecLimite ,64,6.3776,117475.4688,5.43E-05
conv ,64,4.019,117475.4688,3.42E-05,strassen ,64,794.375,117475.4688,6.76E-03,strassenAvecLimite ,64,7.906,117475.4688,6.73E-05
conv ,64,4.1391,117475.4688,3.52E-05,strassen ,64,764.092,117475.4688,6.50E-03,strassenAvecLimite ,64,7.2393,117475.4688,6.16E-05
conv ,64,3.9264,117475.4688,3.34E-05,strassen ,64,797.209,117475.4688,6.79E-03,strassenAvecLimite ,64,6.8961,117475.4688,5.87E-05
conv ,64,3.6462,117475.4688,3.10E-05,strassen ,64,794.945,117475.4688,6.77E-03,strassenAvecLimite ,64,6.4492,117475.4688,5.49E-05
conv ,64,3.8217,117475.4688,3.25E-05,strassen ,64,804.25,117475.4688,6.85E-03,strassenAvecLimite ,64,6.9771,117475.4688,5.94E-05
conv ,64,4.405,117475.4688,3.75E-05,strassen ,64,799.933,117475.4688,6.81E-03,strassenAvecLimite ,64,8.469,117475.4688,7.21E-05
conv ,64,3.3755,117475.4688,2.87E-05,strassen ,64,771.739,117475.4688,6.57E-03,strassenAvecLimite ,64,7.0992,117475.4688,6.04E-05
conv ,64,4.3254,117475.4688,3.68E-05,strassen ,64,870.025,117475.4688,7.41E-03,strassenAvecLimite ,64,6.8725,117475.4688,5.85E-05
conv ,64,4.0906,117475.4688,3.48E-05,strassen ,64,1003.09,117475.4688,8.54E-03,strassenAvecLimite ,64,6.2875,117475.4688,5.35E-05
conv ,64,3.5348,117475.4688,3.01E-05,strassen ,64,894.989,117475.4688,7.62E-03,strassenAvecLimite ,64,6.6586,117475.4688,5.67E-05
conv ,128,35.1188,822126.0032,4.27E-05,strassen ,128,6448.07,822126.0032,7.84E-03,strassenAvecLimite ,128,58.1678,822126.0032,7.08E-05
conv ,128,37.964,822126.0032,4.62E-05,strassen ,128,5102.29,822126.0032,6.21E-03,strassenAvecLimite ,128,49.0583,822126.0032,5.97E-05
conv ,128,30.9964,822126.0032,3.77E-05,strassen ,128,4619.77,822126.0032,5.62E-03,strassenAvecLimite ,128,42.6348,822126.0032,5.19E-05
conv ,128,42.4997,822126.0032,5.17E-05,strassen ,128,4781.89,822126.0032,5.82E-03,strassenAvecLimite ,128,105.292,822126.0032,1.28E-04
conv ,128,44.8509,822126.0032,5.46E-05,strassen ,128,4540.1,822126.0032,5.52E-03,strassenAvecLimite ,128,41.3337,822126.0032,5.03E-05
conv ,128,34.4422,822126.0032,4.19E-05,strassen ,128,4858.03,822126.0032,5.91E-03,strassenAvecLimite ,128,50.9465,822126.0032,6.20E-05
conv ,128,31.7999,822126.0032,3.87E-05,strassen ,128,7305.32,822126.0032,8.89E-03,strassenAvecLimite ,128,37.0694,822126.0032,4.51E-05
conv ,128,41.2351,822126.0032,5.02E-05,strassen ,128,5610.82,822126.0032,6.82E-03,strassenAvecLimite ,128,104.523,822126.0032,1.27E-04
conv ,128,31.4788,822126.0032,3.83E-05,strassen ,128,5672.49,822126.0032,6.90E-03,strassenAvecLimite ,128,45.4141,822126.0032,5.52E-05
conv ,128,42.7608,822126.0032,5.20E-05,strassen ,128,5730.33,822126.0032,6.97E-03,strassenAvecLimite ,128,38.3751,822126.0032,4.67E-05
conv ,128,38.0573,822126.0032,4.63E-05,strassen ,128,5893.1,822126.0032,7.17E-03,strassenAvecLimite ,128,66.4516,822126.0032,8.08E-05
conv ,128,31.3412,822126.0032,3.81E-05,strassen ,128,5641.89,822126.0032,6.86E-03,strassenAvecLimite ,128,46.2952,822126.0032,5.63E-05
conv ,128,33.333,822126.0032,4.05E-05,strassen ,128,5937.41,822126.0032,7.22E-03,strassenAvecLimite ,128,50.0558,822126.0032,6.09E-05
conv ,128,43.2363,822126.0032,5.26E-05,strassen ,128,5583.73,822126.0032,6.79E-03,strassenAvecLimite ,128,54.4876,822126.0032,6.63E-05
conv ,128,31.976,822126.0032,3.89E-05,strassen ,128,5600.44,822126.0032,6.81E-03,strassenAvecLimite ,128,59.8885,822126.0032,7.28E-05
conv ,128,37.8988,822126.0032,4.61E-05,strassen ,128,5643.9,822126.0032,6.87E-03,strassenAvecLimite ,128,56.2982,822126.0032,6.85E-05
conv ,128,33.051,822126.0032,4.02E-05,strassen ,128,5613.61,822126.0032,6.83E-03,strassenAvecLimite ,128,59.0517,822126.0032,7.18E-05
conv ,128,40.9197,822126.0032,4.98E-05,strassen ,128,5700.92,822126.0032,6.93E-03,strassenAvecLimite ,128,59.1709,822126.0032,7.20E-05
conv ,128,34.4723,822126.0032,4.19E-05,strassen ,128,5793.99,822126.0032,7.05E-03,strassenAvecLimite ,128,58.2621,822126.0032,7.09E-05
conv ,128,29.0821,822126.0032,3.54E-05,strassen ,128,5478.64,822126.0032,6.66E-03,strassenAvecLimite ,128,48.083,822126.0032,5.85E-05
conv ,128,33.194,822126.0032,4.04E-05,strassen ,128,5336.22,822126.0032,6.49E-03,strassenAvecLimite ,128,49.1722,822126.0032,5.98E-05
conv ,128,38.6418,822126.0032,4.70E-05,strassen ,128,5352.57,822126.0032,6.51E-03,strassenAvecLimite ,128,47.7959,822126.0032,5.81E-05
conv ,128,37.1779,822126.0032,4.52E-05,strassen ,128,5799.68,822126.0032,7.05E-03,strassenAvecLimite ,128,40.7685,822126.0032,4.96E-05
conv ,128,39.5054,822126.0032,4.81E-05,strassen ,128,5516.45,822126.0032,6.71E-03,strassenAvecLimite ,128,54.3567,822126.0032,6.61E-05
conv ,128,44.6264,822126.0032,5.43E-05,strassen ,128,5519.04,822126.0032,6.71E-03,strassenAvecLimite ,128,57.6506,822126.0032,7.01E-05
conv ,128,34.0794,822126.0032,4.15E-05,strassen ,128,5767.45,822126.0032,7.02E-03,strassenAvecLimite ,128,50.1079,822126.0032,6.09E-05
conv ,128,34.264,822126.0032,4.17E-05,strassen ,128,5760.45,822126.0032,7.01E-03,strassenAvecLimite ,128,51.3614,822126.0032,6.25E-05
conv ,128,37.6785,822126.0032,4.58E-05,strassen ,128,5523.12,822126.0032,6.72E-03,strassenAvecLimite ,128,53.631,822126.0032,6.52E-05
conv ,128,34.4955,822126.0032,4.20E-05,strassen ,128,5714.6,822126.0032,6.95E-03,strassenAvecLimite ,128,48.8232,822126.0032,5.94E-05
conv ,128,43.1942,822126.0032,5.25E-05,strassen ,128,5361.35,822126.0032,6.52E-03,strassenAvecLimite ,128,50.3573,822126.0032,6.13E-05
conv ,128,32.2855,822126.0032,3.93E-05,strassen ,128,5469.47,822126.0032,6.65E-03,strassenAvecLimite ,128,43.1877,822126.0032,5.25E-05
conv ,128,38.5499,822126.0032,4.69E-05,strassen ,128,5346.59,822126.0032,6.50E-03,strassenAvecLimite ,128,52.9905,822126.0032,6.45E-05
conv ,128,38.8471,822126.0032,4.73E-05,strassen ,128,5616.23,822126.0032,6.83E-03,strassenAvecLimite ,128,48.8267,822126.0032,5.94E-05
conv ,128,32.7815,822126.0032,3.99E-05,strassen ,128,5572.39,822126.0032,6.78E-03,strassenAvecLimite ,128,53.1215,822126.0032,6.46E-05
conv ,128,39.7812,822126.0032,4.84E-05,strassen ,128,5499.46,822126.0032,6.69E-03,strassenAvecLimite ,128,54.7251,822126.0032,6.66E-05
conv ,128,39.5909,822126.0032,4.82E-05,strassen ,128,5444.87,822126.0032,6.62E-03,strassenAvecLimite ,128,54.8366,822126.0032,6.67E-05
conv ,128,40.2991,822126.0032,4.90E-05,strassen ,128,5320.6,822126.0032,6.47E-03,strassenAvecLimite ,128,61.8654,822126.0032,7.53E-05
conv ,128,46.0708,822126.0032,5.60E-05,strassen ,128,5492.09,822126.0032,6.68E-03,strassenAvecLimite ,128,55.762,822126.0032,6.78E-05
conv ,128,34.0757,822126.0032,4.14E-05,strassen ,128,5527.66,822126.0032,6.72E-03,strassenAvecLimite ,128,46.8434,822126.0032,5.70E-05
conv ,128,36.5723,822126.0032,4.45E-05,strassen ,128,5777.71,822126.0032,7.03E-03,strassenAvecLimite ,128,60.0637,822126.0032,7.31E-05
conv ,128,37.2044,822126.0032,4.53E-05,strassen ,128,5441.92,822126.0032,6.62E-03,strassenAvecLimite ,128,42.4965,822126.0032,5.17E-05
conv ,128,26.3115,822126.0032,3.20E-05,strassen ,128,5528.35,822126.0032,6.72E-03,strassenAvecLimite ,128,61.5107,822126.0032,7.48E-05
conv ,128,34.0487,822126.0032,4.14E-05,strassen ,128,5551.61,822126.0032,6.75E-03,strassenAvecLimite ,128,52.8284,822126.0032,6.43E-05
conv ,128,29.3685,822126.0032,3.57E-05,strassen ,128,5834.46,822126.0032,7.10E-03,strassenAvecLimite ,128,81.3407,822126.0032,9.89E-05
conv ,128,36.9155,822126.0032,4.49E-05,strassen ,128,5682.04,822126.0032,6.91E-03,strassenAvecLimite ,128,53.7175,822126.0032,6.53E-05
conv ,128,38.5314,822126.0032,4.69E-05,strassen ,128,5555.08,822126.0032,6.76E-03,strassenAvecLimite ,128,43.0027,822126.0032,5.23E-05
conv ,128,30.6872,822126.0032,3.73E-05,strassen ,128,5715.54,822126.0032,6.95E-03,strassenAvecLimite ,128,51.9745,822126.0032,6.32E-05
conv ,128,35.2832,822126.0032,4.29E-05,strassen ,128,5439.97,822126.0032,6.62E-03,strassenAvecLimite ,128,55.1141,822126.0032,6.70E-05
conv ,128,43.1264,822126.0032,5.25E-05,strassen ,128,6278.03,822126.0032,7.64E-03,strassenAvecLimite ,128,41.6534,822126.0032,5.07E-05
conv ,128,37.256,822126.0032,4.53E-05,strassen ,128,5975.79,822126.0032,7.27E-03,strassenAvecLimite ,128,42.6485,822126.0032,5.19E-05
conv ,128,34.7455,822126.0032,4.23E-05,strassen ,128,5513.04,822126.0032,6.71E-03,strassenAvecLimite ,128,48.5763,822126.0032,5.91E-05
conv ,128,32.5812,822126.0032,3.96E-05,strassen ,128,5486.72,822126.0032,6.67E-03,strassenAvecLimite ,128,51.0338,822126.0032,6.21E-05
conv ,128,41.6406,822126.0032,5.06E-05,strassen ,128,5509.46,822126.0032,6.70E-03,strassenAvecLimite ,128,53.6446,822126.0032,6.53E-05
conv ,128,37.1084,822126.0032,4.51E-05,strassen ,128,5624.47,822126.0032,6.84E-03,strassenAvecLimite ,128,44.2287,822126.0032,5.38E-05
conv ,128,34.1737,822126.0032,4.16E-05,strassen ,128,5543.39,822126.0032,6.74E-03,strassenAvecLimite ,128,45.6991,822126.0032,5.56E-05
conv ,128,38.4631,822126.0032,4.68E-05,strassen ,128,6283.21,822126.0032,7.64E-03,strassenAvecLimite ,128,53.4074,822126.0032,6.50E-05
conv ,128,34.923,822126.0032,4.25E-05,strassen ,128,5685.77,822126.0032,6.92E-03,strassenAvecLimite ,128,43.3987,822126.0032,5.28E-05
conv ,128,35.968,822126.0032,4.37E-05,strassen ,128,5354.19,822126.0032,6.51E-03,strassenAvecLimite ,128,58.0839,822126.0032,7.07E-05
conv ,128,35.632,822126.0032,4.33E-05,strassen ,128,5602.18,822126.0032,6.81E-03,strassenAvecLimite ,128,53.7636,822126.0032,6.54E-05
conv ,128,37.0783,822126.0032,4.51E-05,strassen ,128,5610.87,822126.0032,6.82E-03,strassenAvecLimite ,128,46.9331,822126.0032,5.71E-05
conv ,128,35.5484,822126.0032,4.32E-05,strassen ,128,5752.73,822126.0032,7.00E-03,strassenAvecLimite ,128,59.0889,822126.0032,7.19E-05
conv ,128,36.4218,822126.0032,4.43E-05,strassen ,128,5291.1,822126.0032,6.44E-03,strassenAvecLimite ,128,49.4877,822126.0032,6.02E-05
conv ,128,31.8518,822126.0032,3.87E-05,strassen ,128,5304.31,822126.0032,6.45E-03,strassenAvecLimite ,128,50.2543,822126.0032,6.11E-05
conv ,128,31.8629,822126.0032,3.88E-05,strassen ,128,5290.6,822126.0032,6.44E-03,strassenAvecLimite ,128,43.0755,822126.0032,5.24E-05
conv ,128,32.5681,822126.0032,3.96E-05,strassen ,128,5442.46,822126.0032,6.62E-03,strassenAvecLimite ,128,51.5143,822126.0032,6.27E-05
conv ,128,32.6402,822126.0032,3.97E-05,strassen ,128,5623.15,822126.0032,6.84E-03,strassenAvecLimite ,128,46.1776,822126.0032,5.62E-05
conv ,128,29.8974,822126.0032,3.64E-05,strassen ,128,5389.68,822126.0032,6.56E-03,strassenAvecLimite ,128,51.8688,822126.0032,6.31E-05
conv ,128,33.0552,822126.0032,4.02E-05,strassen ,128,5284.72,822126.0032,6.43E-03,strassenAvecLimite ,128,48.5088,822126.0032,5.90E-05
conv ,128,36.2399,822126.0032,4.41E-05,strassen ,128,5239.42,822126.0032,6.37E-03,strassenAvecLimite ,128,51.3801,822126.0032,6.25E-05
conv ,128,33.7299,822126.0032,4.10E-05,strassen ,128,5475,822126.0032,6.66E-03,strassenAvecLimite ,128,66.5971,822126.0032,8.10E-05
conv ,128,38.0147,822126.0032,4.62E-05,strassen ,128,5188.71,822126.0032,6.31E-03,strassenAvecLimite ,128,49.408,822126.0032,6.01E-05
conv ,128,31.7332,822126.0032,3.86E-05,strassen ,128,5327.03,822126.0032,6.48E-03,strassenAvecLimite ,128,44.0199,822126.0032,5.35E-05
conv ,128,34.5041,822126.0032,4.20E-05,strassen ,128,5317.45,822126.0032,6.47E-03,strassenAvecLimite ,128,54.6839,822126.0032,6.65E-05
conv ,128,34.2442,822126.0032,4.17E-05,strassen ,128,5349.3,822126.0032,6.51E-03,strassenAvecLimite ,128,47.1731,822126.0032,5.74E-05
conv ,128,39.6434,822126.0032,4.82E-05,strassen ,128,5691.77,822126.0032,6.92E-03,strassenAvecLimite ,128,53.349,822126.0032,6.49E-05
conv ,128,37.679,822126.0032,4.58E-05,strassen ,128,6544.45,822126.0032,7.96E-03,strassenAvecLimite ,128,53.5968,822126.0032,6.52E-05
conv ,128,37.9184,822126.0032,4.61E-05,strassen ,128,5880.9,822126.0032,7.15E-03,strassenAvecLimite ,128,40.6371,822126.0032,4.94E-05
conv ,128,40.8283,822126.0032,4.97E-05,strassen ,128,5481.43,822126.0032,6.67E-03,strassenAvecLimite ,128,55.5533,822126.0032,6.76E-05
conv ,128,36.6618,822126.0032,4.46E-05,strassen ,128,5468.9,822126.0032,6.65E-03,strassenAvecLimite ,128,61.8921,822126.0032,7.53E-05
conv ,128,32.127,822126.0032,3.91E-05,strassen ,128,6361.28,822126.0032,7.74E-03,strassenAvecLimite ,128,45.3558,822126.0032,5.52E-05
conv ,128,42.7155,822126.0032,5.20E-05,strassen ,128,5706.22,822126.0032,6.94E-03,strassenAvecLimite ,128,42.2606,822126.0032,5.14E-05
conv ,128,30.6468,822126.0032,3.73E-05,strassen ,128,5589.68,822126.0032,6.80E-03,strassenAvecLimite ,128,42.8389,822126.0032,5.21E-05
conv ,128,35.5608,822126.0032,4.33E-05,strassen ,128,5420.62,822126.0032,6.59E-03,strassenAvecLimite ,128,41.6955,822126.0032,5.07E-05
conv ,128,41.5837,822126.0032,5.06E-05,strassen ,128,5321.1,822126.0032,6.47E-03,strassenAvecLimite ,128,44.2308,822126.0032,5.38E-05
conv ,128,46.9065,822126.0032,5.71E-05,strassen ,128,5354.35,822126.0032,6.51E-03,strassenAvecLimite ,128,42.1663,822126.0032,5.13E-05
conv ,128,32.586,822126.0032,3.96E-05,strassen ,128,5528.02,822126.0032,6.72E-03,strassenAvecLimite ,128,46.9402,822126.0032,5.71E-05
conv ,128,32.2759,822126.0032,3.93E-05,strassen ,128,5450.4,822126.0032,6.63E-03,strassenAvecLimite ,128,84.3276,822126.0032,1.03E-04
conv ,128,39.0252,822126.0032,4.75E-05,strassen ,128,5385.6,822126.0032,6.55E-03,strassenAvecLimite ,128,47.6179,822126.0032,5.79E-05
conv ,128,30.5198,822126.0032,3.71E-05,strassen ,128,5361.57,822126.0032,6.52E-03,strassenAvecLimite ,128,50.8967,822126.0032,6.19E-05
conv ,128,33.4171,822126.0032,4.06E-05,strassen ,128,5340.99,822126.0032,6.50E-03,strassenAvecLimite ,128,53.1942,822126.0032,6.47E-05
conv ,128,42.2204,822126.0032,5.14E-05,strassen ,128,5658.52,822126.0032,6.88E-03,strassenAvecLimite ,128,58.1868,822126.0032,7.08E-05
conv ,128,40.1511,822126.0032,4.88E-05,strassen ,128,5332.22,822126.0032,6.49E-03,strassenAvecLimite ,128,54.1031,822126.0032,6.58E-05
conv ,128,50.6273,822126.0032,6.16E-05,strassen ,128,5555.5,822126.0032,6.76E-03,strassenAvecLimite ,128,48.3214,822126.0032,5.88E-05
conv ,128,37.2116,822126.0032,4.53E-05,strassen ,128,5449.94,822126.0032,6.63E-03,strassenAvecLimite ,128,53.732,822126.0032,6.54E-05
conv ,128,41.1077,822126.0032,5.00E-05,strassen ,128,5437.02,822126.0032,6.61E-03,strassenAvecLimite ,128,48.7957,822126.0032,5.94E-05
conv ,128,34.233,822126.0032,4.16E-05,strassen ,128,5437.83,822126.0032,6.61E-03,strassenAvecLimite ,128,52.566,822126.0032,6.39E-05
conv ,128,33.0615,822126.0032,4.02E-05,strassen ,128,5513.3,822126.0032,6.71E-03,strassenAvecLimite ,128,56.6451,822126.0032,6.89E-05
conv ,128,35.1463,822126.0032,4.28E-05,strassen ,128,5485.86,822126.0032,6.67E-03,strassenAvecLimite ,128,45.0088,822126.0032,5.47E-05
conv ,128,35.0785,822126.0032,4.27E-05,strassen ,128,5177.59,822126.0032,6.30E-03,strassenAvecLimite ,128,46.4907,822126.0032,5.65E-05
conv ,128,34.2128,822126.0032,4.16E-05,strassen ,128,5208.15,822126.0032,6.33E-03,strassenAvecLimite ,128,59.5622,822126.0032,7.24E-05
conv ,256,284.266,5753466.419,4.94E-05,strassen ,256,38110.3,5753466.419,6.62E-03,strassenAvecLimite ,256,474.839,5753466.419,8.25E-05
conv ,256,281.862,5753466.419,4.90E-05,strassen ,256,38258.6,5753466.419,6.65E-03,strassenAvecLimite ,256,370.012,5753466.419,6.43E-05
conv ,256,313.203,5753466.419,5.44E-05,strassen ,256,37161.6,5753466.419,6.46E-03,strassenAvecLimite ,256,377.948,5753466.419,6.57E-05
conv ,256,286.642,5753466.419,4.98E-05,strassen ,256,37705.4,5753466.419,6.55E-03,strassenAvecLimite ,256,345.369,5753466.419,6.00E-05
conv ,256,266.925,5753466.419,4.64E-05,strassen ,256,37821.8,5753466.419,6.57E-03,strassenAvecLimite ,256,340.35,5753466.419,5.92E-05
conv ,256,278.511,5753466.419,4.84E-05,strassen ,256,37006.1,5753466.419,6.43E-03,strassenAvecLimite ,256,361.478,5753466.419,6.28E-05
conv ,256,269.959,5753466.419,4.69E-05,strassen ,256,36842.9,5753466.419,6.40E-03,strassenAvecLimite ,256,347.136,5753466.419,6.03E-05
conv ,256,420.869,5753466.419,7.32E-05,strassen ,256,37371,5753466.419,6.50E-03,strassenAvecLimite ,256,375.807,5753466.419,6.53E-05
conv ,256,292.521,5753466.419,5.08E-05,strassen ,256,37634.3,5753466.419,6.54E-03,strassenAvecLimite ,256,338.936,5753466.419,5.89E-05
conv ,256,305.073,5753466.419,5.30E-05,strassen ,256,57426.2,5753466.419,9.98E-03,strassenAvecLimite ,256,360.252,5753466.419,6.26E-05
conv ,256,288.669,5753466.419,5.02E-05,strassen ,256,60618.4,5753466.419,1.05E-02,strassenAvecLimite ,256,361.335,5753466.419,6.28E-05
conv ,256,275.02,5753466.419,4.78E-05,strassen ,256,45536.9,5753466.419,7.91E-03,strassenAvecLimite ,256,414.558,5753466.419,7.21E-05
conv ,256,320.51,5753466.419,5.57E-05,strassen ,256,38627.2,5753466.419,6.71E-03,strassenAvecLimite ,256,396.147,5753466.419,6.89E-05
conv ,256,262.304,5753466.419,4.56E-05,strassen ,256,38937.1,5753466.419,6.77E-03,strassenAvecLimite ,256,381.007,5753466.419,6.62E-05
conv ,256,289.465,5753466.419,5.03E-05,strassen ,256,41082.7,5753466.419,7.14E-03,strassenAvecLimite ,256,343.558,5753466.419,5.97E-05
conv ,256,257.87,5753466.419,4.48E-05,strassen ,256,38596.9,5753466.419,6.71E-03,strassenAvecLimite ,256,378.674,5753466.419,6.58E-05
conv ,256,260.995,5753466.419,4.54E-05,strassen ,256,38984.1,5753466.419,6.78E-03,strassenAvecLimite ,256,363.817,5753466.419,6.32E-05
conv ,256,287.243,5753466.419,4.99E-05,strassen ,256,39349.8,5753466.419,6.84E-03,strassenAvecLimite ,256,348.199,5753466.419,6.05E-05
conv ,256,258.787,5753466.419,4.50E-05,strassen ,256,37836.2,5753466.419,6.58E-03,strassenAvecLimite ,256,363.402,5753466.419,6.32E-05
conv ,256,277.026,5753466.419,4.81E-05,strassen ,256,38114.1,5753466.419,6.62E-03,strassenAvecLimite ,256,336.193,5753466.419,5.84E-05
conv ,256,273.486,5753466.419,4.75E-05,strassen ,256,38134.3,5753466.419,6.63E-03,strassenAvecLimite ,256,363.243,5753466.419,6.31E-05
conv ,256,277.95,5753466.419,4.83E-05,strassen ,256,38052.6,5753466.419,6.61E-03,strassenAvecLimite ,256,357.794,5753466.419,6.22E-05
conv ,256,284.931,5753466.419,4.95E-05,strassen ,256,38400.7,5753466.419,6.67E-03,strassenAvecLimite ,256,352.682,5753466.419,6.13E-05
conv ,256,264.094,5753466.419,4.59E-05,strassen ,256,39247.1,5753466.419,6.82E-03,strassenAvecLimite ,256,352.605,5753466.419,6.13E-05
conv ,256,252.575,5753466.419,4.39E-05,strassen ,256,37106.5,5753466.419,6.45E-03,strassenAvecLimite ,256,327.498,5753466.419,5.69E-05
conv ,256,256.993,5753466.419,4.47E-05,strassen ,256,37302.7,5753466.419,6.48E-03,strassenAvecLimite ,256,365.217,5753466.419,6.35E-05
conv ,256,278.156,5753466.419,4.83E-05,strassen ,256,38620.5,5753466.419,6.71E-03,strassenAvecLimite ,256,349.634,5753466.419,6.08E-05
conv ,256,275.098,5753466.419,4.78E-05,strassen ,256,38373,5753466.419,6.67E-03,strassenAvecLimite ,256,366.034,5753466.419,6.36E-05
conv ,256,256.244,5753466.419,4.45E-05,strassen ,256,38932.8,5753466.419,6.77E-03,strassenAvecLimite ,256,352.616,5753466.419,6.13E-05
conv ,256,278.242,5753466.419,4.84E-05,strassen ,256,37806.1,5753466.419,6.57E-03,strassenAvecLimite ,256,378.805,5753466.419,6.58E-05
conv ,256,248.275,5753466.419,4.32E-05,strassen ,256,37749.1,5753466.419,6.56E-03,strassenAvecLimite ,256,359.755,5753466.419,6.25E-05
conv ,256,267.88,5753466.419,4.66E-05,strassen ,256,38114.4,5753466.419,6.62E-03,strassenAvecLimite ,256,384.817,5753466.419,6.69E-05
conv ,256,352.834,5753466.419,6.13E-05,strassen ,256,37459.3,5753466.419,6.51E-03,strassenAvecLimite ,256,344.286,5753466.419,5.98E-05
conv ,256,364.094,5753466.419,6.33E-05,strassen ,256,40500.8,5753466.419,7.04E-03,strassenAvecLimite ,256,349.561,5753466.419,6.08E-05
conv ,256,329.401,5753466.419,5.73E-05,strassen ,256,30604.9,5753466.419,5.32E-03,strassenAvecLimite ,256,364.521,5753466.419,6.34E-05
conv ,256,304.147,5753466.419,5.29E-05,strassen ,256,31253.3,5753466.419,5.43E-03,strassenAvecLimite ,256,332.616,5753466.419,5.78E-05
conv ,256,287.974,5753466.419,5.01E-05,strassen ,256,29747.5,5753466.419,5.17E-03,strassenAvecLimite ,256,401.121,5753466.419,6.97E-05
conv ,256,321.332,5753466.419,5.59E-05,strassen ,256,30240.2,5753466.419,5.26E-03,strassenAvecLimite ,256,367.426,5753466.419,6.39E-05
conv ,256,287.863,5753466.419,5.00E-05,strassen ,256,29373.1,5753466.419,5.11E-03,strassenAvecLimite ,256,379.395,5753466.419,6.59E-05
conv ,256,288.344,5753466.419,5.01E-05,strassen ,256,29746.4,5753466.419,5.17E-03,strassenAvecLimite ,256,360.231,5753466.419,6.26E-05
conv ,256,263.395,5753466.419,4.58E-05,strassen ,256,29809.9,5753466.419,5.18E-03,strassenAvecLimite ,256,401.081,5753466.419,6.97E-05
conv ,256,296.071,5753466.419,5.15E-05,strassen ,256,30628.8,5753466.419,5.32E-03,strassenAvecLimite ,256,370.626,5753466.419,6.44E-05
conv ,256,276.046,5753466.419,4.80E-05,strassen ,256,29212.6,5753466.419,5.08E-03,strassenAvecLimite ,256,349.227,5753466.419,6.07E-05
conv ,256,279.969,5753466.419,4.87E-05,strassen ,256,29922.9,5753466.419,5.20E-03,strassenAvecLimite ,256,359.87,5753466.419,6.25E-05
conv ,256,299.319,5753466.419,5.20E-05,strassen ,256,28729.5,5753466.419,4.99E-03,strassenAvecLimite ,256,390.888,5753466.419,6.79E-05
conv ,256,278.754,5753466.419,4.84E-05,strassen ,256,28926.3,5753466.419,5.03E-03,strassenAvecLimite ,256,388.343,5753466.419,6.75E-05
conv ,256,323.959,5753466.419,5.63E-05,strassen ,256,29128.5,5753466.419,5.06E-03,strassenAvecLimite ,256,340.355,5753466.419,5.92E-05
conv ,256,289.438,5753466.419,5.03E-05,strassen ,256,29010.3,5753466.419,5.04E-03,strassenAvecLimite ,256,333.781,5753466.419,5.80E-05
conv ,256,264.343,5753466.419,4.59E-05,strassen ,256,28625.8,5753466.419,4.98E-03,strassenAvecLimite ,256,327.881,5753466.419,5.70E-05
conv ,256,283.849,5753466.419,4.93E-05,strassen ,256,28521.7,5753466.419,4.96E-03,strassenAvecLimite ,256,341.562,5753466.419,5.94E-05
conv ,256,283.708,5753466.419,4.93E-05,strassen ,256,28453.8,5753466.419,4.95E-03,strassenAvecLimite ,256,355.073,5753466.419,6.17E-05
conv ,256,301.306,5753466.419,5.24E-05,strassen ,256,28459.1,5753466.419,4.95E-03,strassenAvecLimite ,256,354.06,5753466.419,6.15E-05
conv ,256,268.037,5753466.419,4.66E-05,strassen ,256,28808.3,5753466.419,5.01E-03,strassenAvecLimite ,256,390.574,5753466.419,6.79E-05
conv ,256,276.22,5753466.419,4.80E-05,strassen ,256,29581,5753466.419,5.14E-03,strassenAvecLimite ,256,350.164,5753466.419,6.09E-05
conv ,256,310.625,5753466.419,5.40E-05,strassen ,256,28732.2,5753466.419,4.99E-03,strassenAvecLimite ,256,391.523,5753466.419,6.80E-05
conv ,256,277.851,5753466.419,4.83E-05,strassen ,256,28202,5753466.419,4.90E-03,strassenAvecLimite ,256,345.694,5753466.419,6.01E-05
conv ,256,293.515,5753466.419,5.10E-05,strassen ,256,28443.8,5753466.419,4.94E-03,strassenAvecLimite ,256,364.474,5753466.419,6.33E-05
conv ,256,269.772,5753466.419,4.69E-05,strassen ,256,28733.6,5753466.419,4.99E-03,strassenAvecLimite ,256,352.512,5753466.419,6.13E-05
conv ,256,300.155,5753466.419,5.22E-05,strassen ,256,28686,5753466.419,4.99E-03,strassenAvecLimite ,256,322.354,5753466.419,5.60E-05
conv ,256,275.23,5753466.419,4.78E-05,strassen ,256,28445.2,5753466.419,4.94E-03,strassenAvecLimite ,256,369.109,5753466.419,6.42E-05
conv ,256,279.625,5753466.419,4.86E-05,strassen ,256,30268.5,5753466.419,5.26E-03,strassenAvecLimite ,256,378.375,5753466.419,6.58E-05
conv ,256,279.896,5753466.419,4.86E-05,strassen ,256,28639.8,5753466.419,4.98E-03,strassenAvecLimite ,256,399.239,5753466.419,6.94E-05
conv ,256,268.464,5753466.419,4.67E-05,strassen ,256,28559.4,5753466.419,4.96E-03,strassenAvecLimite ,256,334.123,5753466.419,5.81E-05
conv ,256,430.566,5753466.419,7.48E-05,strassen ,256,28635.4,5753466.419,4.98E-03,strassenAvecLimite ,256,340.542,5753466.419,5.92E-05
conv ,256,274.557,5753466.419,4.77E-05,strassen ,256,30246.4,5753466.419,5.26E-03,strassenAvecLimite ,256,354.847,5753466.419,6.17E-05
conv ,256,264.858,5753466.419,4.60E-05,strassen ,256,28455.5,5753466.419,4.95E-03,strassenAvecLimite ,256,312.533,5753466.419,5.43E-05
conv ,256,325.082,5753466.419,5.65E-05,strassen ,256,28287.6,5753466.419,4.92E-03,strassenAvecLimite ,256,367.507,5753466.419,6.39E-05
conv ,256,327.274,5753466.419,5.69E-05,strassen ,256,28668.2,5753466.419,4.98E-03,strassenAvecLimite ,256,336.688,5753466.419,5.85E-05
conv ,256,314.865,5753466.419,5.47E-05,strassen ,256,29124.7,5753466.419,5.06E-03,strassenAvecLimite ,256,366.373,5753466.419,6.37E-05
conv ,256,280.818,5753466.419,4.88E-05,strassen ,256,29034,5753466.419,5.05E-03,strassenAvecLimite ,256,360.996,5753466.419,6.27E-05
conv ,256,248.323,5753466.419,4.32E-05,strassen ,256,28635,5753466.419,4.98E-03,strassenAvecLimite ,256,386.612,5753466.419,6.72E-05
conv ,256,249.741,5753466.419,4.34E-05,strassen ,256,29189.5,5753466.419,5.07E-03,strassenAvecLimite ,256,357.001,5753466.419,6.20E-05
conv ,256,267.246,5753466.419,4.64E-05,strassen ,256,29008.6,5753466.419,5.04E-03,strassenAvecLimite ,256,290.32,5753466.419,5.05E-05
conv ,256,291.125,5753466.419,5.06E-05,strassen ,256,29115.2,5753466.419,5.06E-03,strassenAvecLimite ,256,389.51,5753466.419,6.77E-05
conv ,256,229.06,5753466.419,3.98E-05,strassen ,256,29455.4,5753466.419,5.12E-03,strassenAvecLimite ,256,374.4,5753466.419,6.51E-05
conv ,256,250.901,5753466.419,4.36E-05,strassen ,256,30276.2,5753466.419,5.26E-03,strassenAvecLimite ,256,391.552,5753466.419,6.81E-05
conv ,256,282.377,5753466.419,4.91E-05,strassen ,256,28825.8,5753466.419,5.01E-03,strassenAvecLimite ,256,303.831,5753466.419,5.28E-05
conv ,256,262.855,5753466.419,4.57E-05,strassen ,256,28647.4,5753466.419,4.98E-03,strassenAvecLimite ,256,357.147,5753466.419,6.21E-05
conv ,256,286.309,5753466.419,4.98E-05,strassen ,256,29030.8,5753466.419,5.05E-03,strassenAvecLimite ,256,358.46,5753466.419,6.23E-05
conv ,256,257.365,5753466.419,4.47E-05,strassen ,256,28461.3,5753466.419,4.95E-03,strassenAvecLimite ,256,305.835,5753466.419,5.32E-05
conv ,256,272.558,5753466.419,4.74E-05,strassen ,256,29373.8,5753466.419,5.11E-03,strassenAvecLimite ,256,334.843,5753466.419,5.82E-05
conv ,256,309.769,5753466.419,5.38E-05,strassen ,256,28676,5753466.419,4.98E-03,strassenAvecLimite ,256,321.309,5753466.419,5.58E-05
conv ,256,278.066,5753466.419,4.83E-05,strassen ,256,28551.5,5753466.419,4.96E-03,strassenAvecLimite ,256,364.136,5753466.419,6.33E-05
conv ,256,277.923,5753466.419,4.83E-05,strassen ,256,28530.1,5753466.419,4.96E-03,strassenAvecLimite ,256,312.874,5753466.419,5.44E-05
conv ,256,254.256,5753466.419,4.42E-05,strassen ,256,28703.8,5753466.419,4.99E-03,strassenAvecLimite ,256,351.844,5753466.419,6.12E-05
conv ,256,267.649,5753466.419,4.65E-05,strassen ,256,28190.6,5753466.419,4.90E-03,strassenAvecLimite ,256,355.132,5753466.419,6.17E-05
conv ,256,341.462,5753466.419,5.93E-05,strassen ,256,28825.7,5753466.419,5.01E-03,strassenAvecLimite ,256,333.566,5753466.419,5.80E-05
conv ,256,248.594,5753466.419,4.32E-05,strassen ,256,28670,5753466.419,4.98E-03,strassenAvecLimite ,256,341.057,5753466.419,5.93E-05
conv ,256,256.697,5753466.419,4.46E-05,strassen ,256,28276.4,5753466.419,4.91E-03,strassenAvecLimite ,256,352.231,5753466.419,6.12E-05
conv ,256,279.402,5753466.419,4.86E-05,strassen ,256,28455.8,5753466.419,4.95E-03,strassenAvecLimite ,256,364.232,5753466.419,6.33E-05
conv ,256,260.569,5753466.419,4.53E-05,strassen ,256,28606.4,5753466.419,4.97E-03,strassenAvecLimite ,256,359.523,5753466.419,6.25E-05
conv ,256,309.448,5753466.419,5.38E-05,strassen ,256,28470.9,5753466.419,4.95E-03,strassenAvecLimite ,256,393.827,5753466.419,6.85E-05
conv ,256,270.884,5753466.419,4.71E-05,strassen ,256,27988,5753466.419,4.86E-03,strassenAvecLimite ,256,333.727,5753466.419,5.80E-05
conv ,256,277.781,5753466.419,4.83E-05,strassen ,256,28461.1,5753466.419,4.95E-03,strassenAvecLimite ,256,338.71,5753466.419,5.89E-05
conv ,256,255.965,5753466.419,4.45E-05,strassen ,256,28507.6,5753466.419,4.95E-03,strassenAvecLimite ,256,339.225,5753466.419,5.90E-05
conv ,256,254.16,5753466.419,4.42E-05,strassen ,256,62625.7,5753466.419,1.09E-02,strassenAvecLimite ,256,330.767,5753466.419,5.75E-05
conv ,256,278.46,5753466.419,4.84E-05,strassen ,256,30823.2,5753466.419,5.36E-03,strassenAvecLimite ,256,388.821,5753466.419,6.76E-05
conv ,256,257.223,5753466.419,4.47E-05,strassen ,256,29854.4,5753466.419,5.19E-03,strassenAvecLimite ,256,388.017,5753466.419,6.74E-05
conv ,256,268.056,5753466.419,4.66E-05,strassen ,256,29395.2,5753466.419,5.11E-03,strassenAvecLimite ,256,380.256,5753466.419,6.61E-05
conv ,256,274.929,5753466.419,4.78E-05,strassen ,256,29425.7,5753466.419,5.11E-03,strassenAvecLimite ,256,348.715,5753466.419,6.06E-05
