algo,nb_nodes,time,ans
branch_bound,2,0.036449999999999996,2.0
branch_bound,3,0.09736,3.0
branch_bound,4,0.13159,3.7
branch_bound,5,0.15223,4.3
branch_bound,6,0.15784,5.2
branch_bound,7,0.17987,5.5
branch_bound,8,0.24949,6.3
branch_bound,9,0.26246,7.0
branch_bound,10,0.36325,7.9
branch_bound,11,0.36567,8.2
branch_bound,12,0.43637,8.8
branch_bound,13,0.49068000000000006,9.0
branch_bound,14,0.51617,9.7
branch_bound,15,0.56547,10.0
branch_bound,16,0.6814,10.3
branch_bound,17,0.76396,10.4
branch_bound,18,0.9863900000000001,11.1
branch_bound,19,0.87421,11.3
branch_bound,20,1.14078,12.0
branch_bound,21,2.0062699999999998,12.7
branch_bound,22,1.85368,13.0
branch_bound,23,1.7374800000000001,13.0
branch_bound,24,2.16904,13.2
branch_bound,25,2.2885999999999997,14.2
branch_bound,26,2.01167,14.3
branch_bound,27,3.0926400000000003,14.7
branch_bound,28,2.7715899999999998,15.1
branch_bound,29,4.05222,15.5
branch_bound,30,4.42513,16.2
branch_bound,31,3.8918499999999994,16.6
branch_bound,32,4.00924,16.6
branch_bound,33,5.37471,17.1
branch_bound,34,7.5922,17.3
branch_bound,35,6.7997,17.5
branch_bound,36,16.865789999999997,17.8
branch_bound,37,15.608099999999999,18.3
branch_bound,38,15.987260000000001,18.7
branch_bound,39,17.69233,19.0
branch_bound,40,24.64202,19.8
branch_bound,41,22.543219999999998,19.8
branch_bound,42,52.67636,20.2
branch_bound,43,25.95552,20.5
branch_bound,44,68.00762,21.0
branch_bound,45,43.570530000000005,21.2
branch_bound,46,84.49465000000001,21.7
branch_bound,47,72.82567,22.1
branch_bound,48,172.07492000000002,22.2
branch_bound,49,316.01887999999997,22.2
branch_bound,50,341.38454,22.9
branch_bound,51,737.9103400000001,22.8
branch_bound,52,995.90162,23.2
branch_bound,53,1535.7208999999998,23.6
branch_bound,54,1096.31906,23.9
branch_bound,55,3925.3556299999996,24.4
branch_bound,56,1506.63788,24.3
branch_bound,57,2417.50541,24.6
branch_bound,58,1530.5688,24.9
branch_bound,59,17627.4799,25.6
branch_bound,60,6541.2282000000005,25.6
branch_bound,61,5686.52977,25.9
branch_bound,62,20512.348,26.5
branch_bound,63,10295.7902,26.4
branch_bound,64,22826.63852,27.2
branch_bound,65,22309.94,27.3
branch_bound,66,21025.96242,27.4
branch_bound,67,21967.553,27.8
glouton,2,0.02532,2.0
glouton,3,0.03034,3.0
glouton,4,0.037380000000000004,3.7
glouton,5,0.05286,4.3
glouton,6,0.057940000000000005,5.2
glouton,7,0.062419999999999996,5.5
glouton,8,0.07039999999999999,6.3
glouton,9,0.07321,7.0
glouton,10,0.10155,7.9
glouton,11,0.11140000000000001,8.2
glouton,12,0.13499,8.8
glouton,13,0.13891,9.1
glouton,14,0.14768,9.7
glouton,15,0.24055999999999997,10.1
glouton,16,0.17065000000000002,10.4
glouton,17,0.19290000000000002,10.4
glouton,18,0.2103,11.3
glouton,19,0.22464,11.4
glouton,20,0.24819999999999998,12.1
glouton,21,0.28803999999999996,12.8
glouton,22,0.30273,13.1
glouton,23,0.30512,13.2
glouton,24,0.32474,13.5
glouton,25,0.36338,14.5
glouton,26,0.42546,14.4
glouton,27,0.42821999999999993,15.1
glouton,28,0.44088000000000005,15.2
glouton,29,0.49040999999999996,15.9
glouton,30,0.54286,16.8
glouton,31,0.56993,16.9
glouton,32,0.56303,17.1
glouton,33,0.6204500000000001,17.4
glouton,34,0.6405700000000001,17.7
glouton,35,0.68276,18.0
glouton,36,0.72569,18.6
glouton,37,0.76063,19.2
glouton,38,0.79976,20.1
glouton,39,0.8690300000000001,20.2
glouton,40,0.90894,20.4
glouton,41,0.8828900000000001,20.6
glouton,42,0.95732,21.1
glouton,43,0.98766,21.7
glouton,44,1.29277,22.2
glouton,45,1.0997400000000002,22.5
glouton,46,1.10255,23.6
glouton,47,1.1375,23.1
glouton,48,1.2081,23.4
glouton,49,1.21465,24.1
glouton,50,1.31356,24.7
glouton,51,1.32728,24.7
glouton,52,1.3641,25.0
glouton,53,1.4218899999999999,25.7
glouton,54,1.5976000000000001,26.3
glouton,55,1.53026,26.4
glouton,56,1.6652799999999999,27.2
glouton,57,1.7248999999999999,27.3
glouton,58,1.98386,27.1
glouton,59,1.69149,28.6
glouton,60,1.77967,28.2
glouton,61,1.8787800000000001,28.9
glouton,62,1.86602,28.8
glouton,63,2.03584,29.9
glouton,64,2.2055499999999997,30.4
glouton,65,2.057,30.5
glouton,66,2.3481899999999998,31.4
glouton,67,2.27059,31.3
glouton,68,2.3519099999999997,31.8
glouton,69,2.55653,32.2
glouton,70,2.62312,32.8
glouton,71,2.6737,32.8
glouton,72,2.63888,33.5
glouton,73,2.7476,34.4
glouton,74,2.90629,35.1
glouton,75,2.9131299999999998,35.1
glouton,76,2.87712,35.3
glouton,77,3.01131,35.8
glouton,78,3.03265,35.9
glouton,79,3.5403399999999996,36.0
glouton,80,3.9582900000000003,36.0
glouton,81,3.50107,37.0
glouton,82,3.64525,36.7
glouton,83,3.38451,37.7
glouton,84,3.4799999999999995,37.6
glouton,85,3.61453,38.8
glouton,86,3.8352899999999996,39.4
glouton,87,3.7801099999999996,39.0
glouton,88,3.77743,39.8
glouton,89,4.15455,40.7
glouton,90,4.05101,41.3
glouton,91,4.22395,42.0
glouton,92,4.217029999999999,41.2
glouton,93,4.39886,42.1
glouton,94,4.41441,42.1
glouton,95,4.72783,43.2
glouton,96,4.626250000000001,42.2
glouton,97,4.63633,43.4
glouton,98,4.75665,43.3
glouton,99,4.8148800000000005,43.4
glouton,100,4.93806,44.1
glouton,101,5.69881,44.6
glouton,102,5.340590000000001,45.1
glouton,103,5.30487,45.9
glouton,104,5.4323,45.3
glouton,105,5.651,46.4
glouton,106,6.18897,46.1
glouton,107,6.13664,46.6
glouton,108,5.793740000000001,47.3
glouton,109,6.10569,48.4
glouton,110,6.12727,48.1
glouton,111,6.24099,48.4
glouton,112,6.52389,48.6
glouton,113,6.45591,49.8
glouton,114,6.4498999999999995,49.4
glouton,115,6.848940000000001,49.2
glouton,116,6.898949999999999,50.7
glouton,117,6.87867,49.4
glouton,118,6.842440000000001,50.3
glouton,119,6.96184,51.5
glouton,120,7.257599999999999,51.4
glouton,121,7.50291,51.2
glouton,122,7.32852,52.1
glouton,123,7.63603,52.6
glouton,124,7.6163,53.5
glouton,125,8.13185,53.5
glouton,126,8.03749,53.9
glouton,127,8.09326,52.5
glouton,128,8.50442,55.0
glouton,129,8.30678,55.2
glouton,130,8.44323,55.4
glouton,131,8.548919999999999,55.5
glouton,132,9.71904,54.5
glouton,133,8.67209,56.0
glouton,134,9.522499999999999,56.1
glouton,135,8.98478,56.9
glouton,136,9.104220000000002,57.3
glouton,137,9.07607,57.4
glouton,138,9.64772,57.8
glouton,139,9.64113,58.2
glouton,140,9.65911,59.0
glouton,141,9.67303,59.3
glouton,142,9.928180000000001,59.0
glouton,143,10.07564,59.7
glouton,144,10.33268,60.0
glouton,145,10.87045,61.4
glouton,146,10.58001,60.3
glouton,147,10.615129999999999,61.4
glouton,148,10.838370000000001,61.6
glouton,149,11.95851,61.0
glouton,150,11.18622,60.9
glouton,151,12.575790000000001,61.8
glouton,152,11.37045,61.9
glouton,153,11.67567,63.0
glouton,154,12.0387,63.3
glouton,155,12.09515,64.6
glouton,156,14.43401,65.0
glouton,157,13.07453,65.0
glouton,158,12.44957,65.3
glouton,159,12.30548,64.6
glouton,160,12.811850000000002,67.1
glouton,161,13.34038,65.7
glouton,162,13.55923,65.3
glouton,163,14.11326,66.7
glouton,164,14.47644,66.9
glouton,165,13.38173,67.0
glouton,166,13.894569999999998,68.0
glouton,167,13.968950000000001,68.7
glouton,168,14.308879999999998,68.3
glouton,169,14.296019999999999,68.4
glouton,170,14.30694,68.8
glouton,171,14.847819999999999,69.9
glouton,172,16.55757,68.6
glouton,173,15.146180000000001,69.3
glouton,174,16.340780000000002,70.5
glouton,175,16.34674,69.5
glouton,176,15.789019999999999,70.7
glouton,177,15.97817,71.3
glouton,178,15.814839999999998,71.4
glouton,179,16.81219,71.3
glouton,180,17.39985,72.7
glouton,181,16.74167,73.2
glouton,182,17.62405,73.0
glouton,183,17.2853,73.5
glouton,184,17.43417,73.3
glouton,185,19.24476,73.8
glouton,186,19.2969,75.9
glouton,187,28.22122,75.4
glouton,188,20.768369999999997,74.3
glouton,189,20.87595,74.6
glouton,190,19.2643,75.3
glouton,191,22.23872,75.6
glouton,192,26.577859999999998,76.1
glouton,193,19.70943,75.5
glouton,194,20.517339999999997,76.4
glouton,195,35.61797,77.2
glouton,196,26.67851,77.6
glouton,197,20.74463,76.7
glouton,198,20.83785,78.3
glouton,199,20.86249,78.4
glouton,200,21.137629999999998,79.0
glouton,201,21.19866,78.4
glouton,202,22.13142,79.7
glouton,203,22.29156,79.5
glouton,204,22.66686,80.2
glouton,205,21.96328,80.1
glouton,206,22.14427,80.9
glouton,207,22.75533,81.4
glouton,208,22.93729,82.2
glouton,209,23.75631,81.6
glouton,210,23.41011,82.4
glouton,211,23.1822,83.5
glouton,212,24.558500000000002,84.2
glouton,213,23.329230000000003,83.3
glouton,214,24.061799999999998,82.7
glouton,215,25.74004,84.9
glouton,216,25.822629999999997,83.8
glouton,217,26.162439999999997,84.5
glouton,218,26.01993,84.9
glouton,219,25.840390000000003,84.6
glouton,220,25.8414,86.0
glouton,221,27.933569999999996,86.5
glouton,222,25.38007,86.9
glouton,223,28.14488,85.1
glouton,224,27.696289999999998,86.3
glouton,225,27.661989999999996,86.7
glouton,226,28.19155,88.2
glouton,227,27.35915,87.5
glouton,228,27.34402,88.1
glouton,229,27.77092,87.8
glouton,230,29.29053,88.2
glouton,231,27.88628,89.1
glouton,232,27.4347,88.6
glouton,233,28.48456,90.0
glouton,234,28.11737,90.5
glouton,235,28.064429999999998,89.0
glouton,236,29.062310000000004,90.6
glouton,237,30.051920000000003,91.9
glouton,238,30.033890000000003,91.2
glouton,239,29.38945,91.5
glouton,240,29.655900000000003,91.9
glouton,241,30.277839999999998,93.2
glouton,242,30.213729999999998,92.7
glouton,243,30.26703,92.8
glouton,244,31.78084,93.7
glouton,245,30.82564,93.8
glouton,246,31.72409,94.5
glouton,247,31.44959,94.4
glouton,248,32.46758,94.8
glouton,249,31.714199999999998,94.2
glouton,250,32.74957,95.4
glouton,251,32.75265,95.5
glouton,252,32.79681,95.5
glouton,253,33.66409,95.0
glouton,254,33.53468,96.5
glouton,255,34.56552,95.8
glouton,256,34.24995,96.6
glouton,257,36.972210000000004,97.1
glouton,258,36.07514,97.9
glouton,259,36.087540000000004,97.8
glouton,260,36.17451,98.0
glouton,261,36.561930000000004,99.1
glouton,262,36.95646,99.0
glouton,263,43.02274,99.0
glouton,264,37.82524,99.9
glouton,265,37.72706,99.9
glouton,266,36.75462,100.4
glouton,267,38.03678,101.2
glouton,268,38.0927,100.3
glouton,269,36.6961,100.4
glouton,270,40.49353,101.7
glouton,271,38.16455,102.3
glouton,272,38.74516,102.2
glouton,273,42.060829999999996,101.8
glouton,274,38.69355,103.2
glouton,275,54.06452,102.2
glouton,276,64.91762,104.4
glouton,277,42.78756,103.3
glouton,278,42.04887,103.7
glouton,279,42.51249,103.4
glouton,280,40.94154,105.0
glouton,281,41.03702,105.1
glouton,282,41.41487,104.5
glouton,283,44.241679999999995,104.6
glouton,284,45.316340000000004,105.4
glouton,285,43.98182,105.7
glouton,286,46.424580000000006,106.5
glouton,287,44.149119999999996,105.4
glouton,288,45.48762,107.4
glouton,289,46.55347,108.4
glouton,290,47.32464,108.4
glouton,291,48.7978,108.0
glouton,292,47.107330000000005,109.1
glouton,293,47.62699,108.5
glouton,294,44.20341,109.2
glouton,295,44.7043,110.0
glouton,296,46.79796,109.5
glouton,297,45.844849999999994,109.2
glouton,298,46.12686,110.6
glouton,299,48.81098,111.0
glouton,300,47.99685,110.7
glouton,301,47.95638,110.7
glouton,302,49.416070000000005,110.0
glouton,303,46.97097,112.1
glouton,304,48.0558,112.4
glouton,305,49.09543,111.9
glouton,306,48.629310000000004,113.5
glouton,307,50.21551,112.8
glouton,308,49.573220000000006,114.3
glouton,309,52.3851,113.2
glouton,310,50.58282,114.8
glouton,311,52.96271,114.8
glouton,312,50.55584,115.2
glouton,313,53.14837,114.6
glouton,314,52.6471,115.6
glouton,315,51.41494,114.7
glouton,316,54.28624,117.0
glouton,317,54.50004,116.1
glouton,318,57.9841,116.7
glouton,319,55.554359999999996,117.5
glouton,320,60.46334,116.9
glouton,321,56.075019999999995,117.2
glouton,322,54.32908,117.6
glouton,323,57.1048,118.5
glouton,324,59.37933,119.0
glouton,325,56.91977000000001,118.8
glouton,326,54.72842000000001,119.1
glouton,327,54.030359999999995,118.2
glouton,328,56.579359999999994,120.8
glouton,329,58.03777,120.2
glouton,330,61.031600000000005,120.4
glouton,331,57.81644,119.7
glouton,332,57.27275999999999,121.2
glouton,333,62.42087,120.3
glouton,334,59.38661,121.2
glouton,335,62.15176,122.5
glouton,336,65.18548000000001,122.6
glouton,337,63.19221,122.7
glouton,338,65.1798,123.4
glouton,339,62.1718,122.9
glouton,340,64.84725,124.4
glouton,341,64.39961000000001,123.4
glouton,342,62.10868000000001,124.3
glouton,343,63.03831,123.2
glouton,344,61.39743,125.1
glouton,345,63.05774,124.0
glouton,346,67.72743,125.0
glouton,347,70.35909000000001,126.6
glouton,348,68.6237,125.6
glouton,349,67.33323,126.9
glouton,350,67.85691,126.2
glouton,351,69.92451,126.6
glouton,352,69.15566,126.6
glouton,353,76.67071,127.1
glouton,354,71.50163,126.8
glouton,355,69.53347,128.4
glouton,356,69.92193,129.5
glouton,357,70.74239,128.0
glouton,358,71.1609,129.3
glouton,359,72.74942,128.6
glouton,360,72.7326,128.9
glouton,361,76.92012,129.5
glouton,362,72.47123,130.5
glouton,363,68.65145,130.6
glouton,364,73.22578999999999,130.7
glouton,365,75.7806,132.1
glouton,366,73.45486,131.5
glouton,367,72.67957,131.1
glouton,368,71.66201,132.0
glouton,369,72.9328,133.3
glouton,370,72.64205,133.1
glouton,371,73.66087999999999,133.7
glouton,372,79.0932,134.6
glouton,373,74.83962,132.9
glouton,374,80.91618,134.7
glouton,375,83.79307,134.9
glouton,376,78.41663,135.0
glouton,377,79.20022,135.3
glouton,378,79.21973,135.1
glouton,379,81.14854,135.1
glouton,380,83.37782999999999,136.5
glouton,381,83.27826999999999,136.2
glouton,382,78.55748,136.9
glouton,383,82.93744,135.2
glouton,384,81.46723,137.9
glouton,385,85.76821,137.3
glouton,386,82.60302,138.6
glouton,387,86.75358,139.0
glouton,388,84.43987999999999,137.7
glouton,389,88.79323000000001,137.9
glouton,390,89.61519000000001,138.9
glouton,391,81.71512,139.6
glouton,392,83.73015000000001,140.1
glouton,393,85.86028999999999,140.4
glouton,394,92.37574,139.8
glouton,395,85.85386,139.3
glouton,396,87.14577,140.8
glouton,397,88.20147,141.1
glouton,398,92.51562,140.0
glouton,399,89.74547,142.5
glouton,400,87.51613,140.4
glouton,401,88.68072,139.5
glouton,402,94.22783,141.4
glouton,403,95.91426,142.5
glouton,404,93.42584000000001,143.3
glouton,405,90.02449,142.3
glouton,406,86.76538000000001,143.4
glouton,407,89.99509,144.4
glouton,408,94.88367,144.9
glouton,409,93.92512,144.7
glouton,410,93.83764,145.7
glouton,411,90.74694,144.5
glouton,412,91.81441,145.1
glouton,413,98.09938,145.7
glouton,414,99.49145999999999,146.4
glouton,415,102.57998,145.4
glouton,416,102.64088999999998,146.2
glouton,417,98.0719,147.2
glouton,418,98.59218,147.5
glouton,419,100.89841,147.9
glouton,420,95.46842000000001,149.4
glouton,421,100.54992999999999,147.8
glouton,422,100.34571,148.0
glouton,423,102.80498,148.7
glouton,424,102.29624,150.0
glouton,425,98.35751,148.9
glouton,426,109.85903,149.8
glouton,427,112.44243999999999,150.1
glouton,428,105.97121999999999,150.1
glouton,429,139.23499999999999,151.6
glouton,430,113.99555000000001,151.2
glouton,431,110.59879000000001,151.0
glouton,432,118.89269999999999,150.3
glouton,433,105.4837,152.0
glouton,434,106.5547,152.7
glouton,435,107.1106,151.6
glouton,436,108.25450000000001,152.0
glouton,437,113.13798,153.0
glouton,438,108.80320999999999,154.3
glouton,439,126.2172,154.6
glouton,440,132.59269999999998,152.8
glouton,441,123.4835,154.5
glouton,442,121.98479999999999,154.2
glouton,443,145.7339,153.5
glouton,444,121.07839999999999,154.3
glouton,445,126.28509999999999,155.4
glouton,446,128.1685,156.2
glouton,447,121.26579999999998,155.6
glouton,448,124.8086,156.0
glouton,449,134.02339999999998,156.8
glouton,450,137.5733,158.1
glouton,451,134.9285,157.0
glouton,452,121.69300000000001,155.4
glouton,453,142.4153,157.7
glouton,454,122.1946,158.2
glouton,455,118.54729999999999,158.6
glouton,456,128.9531,157.2
glouton,457,133.03910000000002,158.4
glouton,458,131.0099,159.8
glouton,459,122.66130000000001,159.5
glouton,460,139.4643,160.9
glouton,461,129.8442,160.7
glouton,462,145.2624,160.6
glouton,463,136.6963,161.6
glouton,464,136.7693,160.5
glouton,465,127.003,162.6
glouton,466,122.30199999999999,161.2
glouton,467,126.1781,163.2
glouton,468,151.7132,162.6
glouton,469,151.5068,163.2
glouton,470,138.7542,162.9
glouton,471,126.16130000000001,162.7
glouton,472,126.74159999999999,162.0
glouton,473,129.7022,163.1
glouton,474,148.334,164.3
glouton,475,132.09890000000001,166.0
glouton,476,128.8557,164.5
glouton,477,133.9015,165.2
glouton,478,129.92860000000002,165.9
glouton,479,130.2779,165.4
glouton,480,135.226,166.2
glouton,481,138.8887,166.5
glouton,482,146.6858,166.8
glouton,483,138.579,167.8
glouton,484,137.238,167.6
glouton,485,158.5709,166.7
glouton,486,150.6961,167.7
glouton,487,143.1524,167.1
glouton,488,143.5384,169.0
glouton,489,156.81990000000002,169.0
glouton,490,153.628,169.4
glouton,491,147.66770000000002,169.5
glouton,492,151.0521,169.2
glouton,493,150.5302,168.5
glouton,494,142.8505,170.3
glouton,495,142.2282,171.1
glouton,496,148.0659,170.6
glouton,497,142.74079999999998,171.8
glouton,498,155.7131,171.6
glouton,499,159.2422,171.2
glouton,500,151.1327,171.4
glouton,501,137.9581,172.9
glouton,502,149.01330000000002,171.6
glouton,503,141.60639999999998,173.2
glouton,504,151.4656,173.1
glouton,505,157.118,172.7
glouton,506,145.6323,174.3
glouton,507,140.7935,175.4
glouton,508,139.8612,174.6
glouton,509,140.1338,176.3
glouton,510,141.4789,174.1
glouton,511,142.24769999999998,175.0
glouton,512,141.02460000000002,175.0
glouton,513,165.3876,175.2
glouton,514,223.93789999999998,177.2
glouton,515,245.2181,175.7
glouton,516,227.57930000000002,177.4
glouton,517,151.4467,177.2
glouton,518,151.3478,176.2
glouton,519,153.0508,177.9
glouton,520,155.2022,178.7
glouton,521,148.638,179.3
glouton,522,150.9948,178.3
glouton,523,154.89389999999997,178.9
glouton,524,155.45999999999998,178.3
glouton,525,156.7605,179.5
glouton,526,157.7616,179.0
glouton,527,158.7603,179.9
glouton,528,158.7013,179.1
glouton,529,212.7953,181.1
glouton,530,184.902,180.3
glouton,531,156.3942,181.4
glouton,532,155.9362,181.4
glouton,533,159.1828,182.1
glouton,534,160.4638,181.9
glouton,535,165.89569999999998,183.5
glouton,536,166.2614,181.8
glouton,537,163.9507,182.3
glouton,538,166.5251,181.9
glouton,539,167.1909,182.6
glouton,540,161.39960000000002,183.7
glouton,541,167.3872,185.2
glouton,542,175.34279999999998,185.2
glouton,543,168.4185,185.6
glouton,544,173.2234,185.7
glouton,545,258.813,184.7
glouton,546,220.8194,184.3
glouton,547,176.7957,186.6
glouton,548,169.51010000000002,184.7
glouton,549,174.81660000000002,186.6
glouton,550,168.64600000000002,186.4
glouton,551,180.6471,186.5
glouton,552,178.3315,187.4
glouton,553,170.27190000000002,187.8
glouton,554,173.8442,187.6
glouton,555,175.40109999999999,190.4
glouton,556,173.6248,188.4
glouton,557,173.7443,187.9
glouton,558,183.19760000000002,189.2
glouton,559,175.57070000000002,190.5
glouton,560,174.85920000000002,189.3
glouton,561,180.2242,189.7
glouton,562,175.95329999999998,190.9
glouton,563,172.6196,189.1
glouton,564,177.3674,190.7
glouton,565,174.3899,191.0
glouton,566,178.4036,191.9
glouton,567,178.27280000000002,191.6
glouton,568,178.4862,191.3
glouton,569,181.0501,192.6
glouton,570,180.047,192.2
glouton,571,181.6695,193.1
glouton,572,181.8073,192.3
glouton,573,182.7654,193.4
glouton,574,186.208,194.0
glouton,575,181.88629999999998,194.9
glouton,576,181.53140000000002,194.3
glouton,577,183.1904,194.2
glouton,578,183.3053,194.6
glouton,579,185.2244,195.3
glouton,580,189.234,195.8
glouton,581,185.3646,195.0
glouton,582,186.3834,195.6
glouton,583,193.38309999999998,197.4
glouton,584,199.8032,197.2
glouton,585,188.7126,197.6
glouton,586,190.0075,196.9
glouton,587,190.473,197.6
glouton,588,191.35399999999998,199.9
glouton,589,190.4436,197.8
glouton,590,193.0982,197.7
glouton,591,193.5454,199.3
glouton,592,193.4161,199.6
glouton,593,197.0624,199.3
glouton,594,196.6291,199.7
glouton,595,197.481,201.1
glouton,596,214.46359999999999,200.0
glouton,597,197.0799,200.5
glouton,598,200.40550000000002,201.5
glouton,599,199.0866,200.5
glouton,600,200.9912,201.2
glouton,601,201.4445,201.6
glouton,602,200.5598,201.6
glouton,603,201.91910000000001,202.3
glouton,604,204.7877,203.8
glouton,605,206.24009999999998,202.4
glouton,606,203.18099999999998,202.3
glouton,607,203.1294,202.4
glouton,608,206.9134,202.9
glouton,609,206.69389999999999,203.3
glouton,610,206.11460000000002,203.4
glouton,611,213.14079999999998,205.4
glouton,612,207.82110000000003,203.9
glouton,613,208.4794,204.5
glouton,614,208.5781,205.0
glouton,615,210.30900000000003,205.5
glouton,616,213.5636,207.2
glouton,617,212.1757,207.6
glouton,618,212.1634,207.0
glouton,619,215.52730000000003,208.4
glouton,620,215.3186,206.1
glouton,621,213.78519999999997,208.0
glouton,622,215.3747,207.3
glouton,623,218.1926,209.0
glouton,624,217.34990000000002,208.4
glouton,625,222.6268,210.1
glouton,626,219.6773,207.6
glouton,627,223.1428,209.5
glouton,628,224.2333,209.8
glouton,629,222.6538,211.0
glouton,630,219.68009999999998,210.0
glouton,631,224.1239,209.7
glouton,632,221.38719999999998,210.1
glouton,633,221.4786,210.5
glouton,634,224.9293,210.2
glouton,635,225.80790000000002,211.6
glouton,636,227.38940000000002,212.3
glouton,637,226.8536,212.9
glouton,638,227.167,212.7
glouton,639,230.3781,213.5
glouton,640,231.2738,214.4
glouton,641,231.622,213.1
glouton,642,231.3608,213.1
glouton,643,229.8696,213.7
glouton,644,261.2609,213.9
glouton,645,298.2106,214.1
glouton,646,325.6431,215.6
glouton,647,334.5786,216.1
glouton,648,273.8482,214.3
glouton,649,263.61170000000004,218.0
glouton,650,331.77979999999997,215.4
glouton,651,291.0385,216.4
glouton,652,278.5216,215.8
glouton,653,369.77930000000003,216.2
glouton,654,289.8957,217.4
glouton,655,347.1785,217.3
glouton,656,298.52619999999996,218.4
glouton,657,286.15160000000003,219.0
glouton,658,388.6448,218.7
glouton,659,252.92849999999999,218.1
glouton,660,245.83249999999998,220.1
glouton,661,246.4161,219.6
glouton,662,247.23899999999998,219.5
glouton,663,247.60999999999999,219.8
glouton,664,248.4489,219.8
glouton,665,249.7701,220.2
glouton,666,255.28609999999998,219.9
glouton,667,252.3161,222.4
glouton,668,248.919,220.2
glouton,669,251.5484,221.7
glouton,670,250.7158,222.3
glouton,671,250.733,222.0
glouton,672,251.0631,222.4
glouton,673,255.3723,221.6
glouton,674,254.6878,222.8
glouton,675,254.7706,223.9
glouton,676,254.8578,222.8
glouton,677,256.6728,223.4
glouton,678,258.1136,224.3
glouton,679,259.94899999999996,222.7
glouton,680,259.4797,225.1
glouton,681,260.39500000000004,224.6
glouton,682,260.4583,225.8
glouton,683,260.0177,225.3
glouton,684,265.3516,225.0
glouton,685,264.5141,226.4
glouton,686,262.89029999999997,224.6
glouton,687,264.2897,225.6
glouton,688,266.5404,227.5
glouton,689,270.6379,227.0
glouton,690,270.504,227.8
glouton,691,270.1254,228.4
glouton,692,267.96500000000003,229.2
glouton,693,273.0856,228.4
glouton,694,270.1016,228.3
glouton,695,272.2256,228.4
glouton,696,273.8352,228.6
glouton,697,275.1911,230.2
glouton,698,273.1221,228.6
glouton,699,275.3362,231.5
glouton,700,275.9127,231.7
glouton,701,278.6918,232.0
glouton,702,278.748,228.3
glouton,703,279.2679,229.6
glouton,704,279.8353,232.0
glouton,705,281.98490000000004,230.1
glouton,706,283.8504,233.2
glouton,707,282.68600000000004,231.3
glouton,708,283.92510000000004,232.0
glouton,709,284.3882,233.1
glouton,710,285.363,233.5
glouton,711,286.9547,233.8
glouton,712,288.5327,232.7
glouton,713,290.8648,233.8
glouton,714,298.1707,232.3
glouton,715,289.57529999999997,234.7
glouton,716,288.0153,234.9
glouton,717,291.81669999999997,233.8
glouton,718,292.4459,236.0
glouton,719,292.044,234.5
glouton,720,292.81170000000003,235.8
glouton,721,293.00789999999995,236.0
glouton,722,295.527,238.2
glouton,723,298.972,237.3
glouton,724,298.10479999999995,236.6
glouton,725,300.9986,237.3
glouton,726,300.4628,238.9
glouton,727,299.617,238.4
glouton,728,300.1583,236.1
glouton,729,301.2569,238.3
glouton,730,305.6393,238.7
glouton,731,306.4241,239.0
glouton,732,304.0254,239.9
glouton,733,305.6881,239.9
glouton,734,307.3331,240.6
glouton,735,307.7009,240.0
glouton,736,314.50100000000003,239.2
glouton,737,312.0639,241.2
glouton,738,312.0234,240.6
glouton,739,313.2822,241.6
glouton,740,314.269,240.9
glouton,741,318.6971,243.3
glouton,742,316.2582,243.4
glouton,743,318.0389,242.9
glouton,744,319.3317,241.8
glouton,745,319.3136,242.2
glouton,746,317.6476,244.8
glouton,747,319.8202,243.6
glouton,748,323.7328,244.0
glouton,749,321.2996,245.4
glouton,750,326.21410000000003,243.8
glouton,751,323.1511,244.9
glouton,752,325.2674,246.4
glouton,753,334.2867,245.8
glouton,754,329.3116,245.6
glouton,755,331.4651,245.9
glouton,756,327.2353,244.7
glouton,757,400.0741,247.8
glouton,758,363.17089999999996,246.9
glouton,759,336.8096,247.3
glouton,760,333.98490000000004,247.1
glouton,761,333.2962,246.9
glouton,762,332.5511,248.5
glouton,763,335.9676,249.4
glouton,764,340.0357,248.9
glouton,765,336.5611,247.9
glouton,766,340.66970000000003,249.4
glouton,767,340.7922,250.0
glouton,768,340.1938,247.8
glouton,769,337.8845,250.2
glouton,770,339.9548,252.5
glouton,771,342.20079999999996,250.8
glouton,772,345.3933,252.6
glouton,773,354.4136,251.4
glouton,774,361.2902,251.5
glouton,775,347.6774,251.2
glouton,776,347.15,251.5
glouton,777,345.3984,252.1
glouton,778,346.25370000000004,253.8
glouton,779,348.6359,254.3
glouton,780,347.9934,253.1
glouton,781,347.6701,253.9
glouton,782,354.48069999999996,254.4
glouton,783,351.9404,253.7
glouton,784,353.96860000000004,255.0
glouton,785,355.6779,254.1
glouton,786,354.2043,255.2
glouton,787,359.08389999999997,255.2
glouton,788,370.9899,256.4
glouton,789,393.33050000000003,255.7
glouton,790,381.3298,254.9
glouton,791,379.7502,256.3
glouton,792,363.2672,255.7
glouton,793,362.5945,258.0
glouton,794,365.76930000000004,257.8
glouton,795,364.5825,257.0
glouton,796,366.7724,256.8
glouton,797,365.5549,258.3
glouton,798,365.47339999999997,258.1
glouton,799,369.975,257.9
glouton,800,370.2982,258.4
glouton,801,367.98269999999997,257.9
glouton,802,368.74719999999996,259.9
glouton,803,375.25570000000005,258.7
glouton,804,373.19780000000003,259.9
glouton,805,373.47220000000004,259.5
glouton,806,372.59049999999996,258.9
glouton,807,376.38050000000004,262.0
glouton,808,374.7511,261.2
glouton,809,377.2419,261.2
glouton,810,383.2143,260.7
glouton,811,380.9732,261.5
glouton,812,386.56460000000004,262.4
glouton,813,383.78139999999996,260.5
glouton,814,385.1861,261.7
glouton,815,386.2634,264.2
glouton,816,387.0038,263.4
glouton,817,389.2337,265.2
glouton,818,397.9631,263.3
glouton,819,391.79740000000004,264.5
glouton,820,391.979,264.8
glouton,821,393.12469999999996,263.8
glouton,822,393.4877,264.9
glouton,823,394.1685,264.0
glouton,824,396.586,266.0
glouton,825,396.3667,265.6
glouton,826,411.93559999999997,267.4
glouton,827,397.7012,265.0
glouton,828,401.4468,266.8
glouton,829,402.2033,266.4
glouton,830,404.1766,267.5
glouton,831,404.0956,266.0
glouton,832,407.1196,268.7
glouton,833,412.091,268.7
glouton,834,409.5321,268.1
glouton,835,407.4105,267.3
glouton,836,412.2889,269.1
glouton,837,423.0532,268.8
glouton,838,414.8789,268.6
glouton,839,418.0454,270.3
glouton,840,418.76840000000004,270.2
glouton,841,414.6707,271.0
glouton,842,420.8182,270.8
glouton,843,419.74309999999997,272.3
glouton,844,419.1205,271.7
glouton,845,422.05150000000003,271.4
glouton,846,420.06170000000003,272.2
glouton,847,425.1969,272.3
glouton,848,424.57460000000003,271.7
glouton,849,425.0603,272.5
glouton,850,426.4308,274.1
glouton,851,430.187,272.2
glouton,852,430.2159,272.5
glouton,853,426.7826,273.3
glouton,854,426.8098,274.0
glouton,855,429.7171,276.2
glouton,856,426.35869999999994,273.8
glouton,857,429.95020000000005,276.2
glouton,858,430.4371,274.8
glouton,859,432.726,274.7
glouton,860,432.78239999999994,276.2
glouton,861,435.16459999999995,274.7
glouton,862,432.8535,275.8
glouton,863,433.4892,276.2
glouton,864,437.52,276.5
glouton,865,438.1716,276.9
glouton,866,434.3564,276.2
glouton,867,439.0865,278.2
glouton,868,442.07789999999994,278.8
glouton,869,444.76450000000006,279.4
glouton,870,446.1017,279.5
glouton,871,447.66859999999997,277.4
glouton,872,445.1711,279.4
glouton,873,447.7739,277.8
glouton,874,450.31409999999994,278.9
glouton,875,448.02139999999997,280.1
glouton,876,452.63100000000003,281.0
glouton,877,457.57610000000005,280.8
glouton,878,452.9407,280.4
glouton,879,455.74709999999993,281.6
glouton,880,456.80339999999995,281.5
glouton,881,453.7982,281.7
glouton,882,459.9925999999999,282.1
glouton,883,460.822,283.6
glouton,884,462.6331,283.3
glouton,885,462.33509999999995,283.7
glouton,886,460.8347,282.0
glouton,887,464.4952,283.2
glouton,888,464.24210000000005,284.4
glouton,889,468.4459,283.0
glouton,890,467.0571,283.8
glouton,891,469.0472,284.0
glouton,892,501.8535,283.7
glouton,893,488.2733,284.7
glouton,894,470.18950000000007,284.4
glouton,895,473.30820000000006,283.9
glouton,896,477.9483,286.2
glouton,897,476.1227,287.0
glouton,898,479.14070000000004,285.0
glouton,899,476.0466,287.7
glouton,900,479.1188,286.4
glouton,901,484.7186,286.7
glouton,902,479.4425,286.5
glouton,903,486.0538,289.3
glouton,904,483.52119999999996,288.4
glouton,905,481.47439999999995,287.3
glouton,906,484.8125,285.9
glouton,907,487.60659999999996,287.4
glouton,908,484.8782,286.9
glouton,909,492.8504,289.7
glouton,910,489.2839,289.8
glouton,911,496.352,289.6
glouton,912,492.2321,289.7
glouton,913,494.2278,290.4
glouton,914,513.5244,290.6
glouton,915,496.2058,290.8
glouton,916,500.3116,292.9
glouton,917,501.1834,291.3
glouton,918,503.7858,292.9
glouton,919,503.5014,291.3
glouton,920,505.51660000000004,293.1
glouton,921,506.28000000000003,291.7
glouton,922,505.21840000000003,292.1
glouton,923,504.5835,292.8
glouton,924,519.614,293.8
glouton,925,509.46579999999994,293.3
glouton,926,510.9776,294.1
glouton,927,511.7214,295.0
glouton,928,514.462,295.5
glouton,929,514.6600000000001,294.0
glouton,930,516.2234000000001,297.0
glouton,931,518.701,295.0
glouton,932,521.0715,296.5
glouton,933,520.0926000000001,295.6
glouton,934,524.0385555555555,296.22222222222223
glouton,935,522.3729000000001,297.1
glouton,936,523.5355999999999,295.7
glouton,937,525.6063,298.3
glouton,938,524.0836999999999,296.0
glouton,939,515.0591999999999,297.5
glouton,940,542.417,297.9
glouton,941,529.5899999999999,297.6
glouton,942,527.9841,300.0
glouton,943,530.3214,299.6
glouton,944,537.5020000000001,300.0
glouton,945,537.464,300.2
glouton,946,579.0278000000001,300.8
glouton,947,566.8853,300.1
glouton,948,561.3882,300.0
glouton,949,573.3534,301.1
glouton,950,564.0786,300.8
glouton,951,571.5269000000001,300.3
glouton,952,559.6198,300.0
glouton,953,556.6602,304.0
glouton,954,560.4495,301.5
glouton,955,567.0768,302.3
glouton,956,581.3976,303.5
glouton,957,561.5271,302.9
glouton,958,565.2254,302.9
glouton,959,634.6605999999999,303.4
glouton,960,591.0672,303.0
glouton,961,578.5002000000001,302.2
glouton,962,596.1373,305.8
glouton,963,592.5743,305.0
glouton,964,584.3014000000001,303.2
glouton,965,585.3961,303.4
glouton,966,572.6734,304.7
glouton,967,574.6573999999999,305.3
glouton,968,576.6812,306.1
glouton,969,592.1749,306.4
glouton,970,572.6476,306.3
glouton,971,574.8083,305.3
glouton,972,619.237,305.6
glouton,973,594.5613999999999,306.5
glouton,974,612.8098,309.3
glouton,975,596.3312,306.8
glouton,976,623.7695,307.2
glouton,977,613.4732,308.3
glouton,978,612.1185,309.3
glouton,979,608.9518,308.1
glouton,980,614.0797,309.2
glouton,981,606.136,310.4
glouton,982,667.6356,309.9
glouton,983,598.0127,310.8
glouton,984,598.7909999999999,310.5
glouton,985,619.8623,312.1
glouton,986,599.6337000000001,311.2
glouton,987,592.8480999999999,310.5
glouton,988,582.3091000000001,309.7
glouton,989,583.9868,312.4
glouton,990,595.62,312.5
glouton,991,589.1756,312.5
glouton,992,593.674,312.6
glouton,993,593.4095,312.6
glouton,994,606.4633,312.6
glouton,995,601.2905,314.1
glouton,996,597.7592,315.2
glouton,997,600.3543999999999,312.9
glouton,998,601.7846,313.6
glouton,999,606.4112,314.5
glouton,1000,614.3733,315.2
tabu,2,0.08341000000000001,2.0
tabu,3,0.16387000000000002,3.0
tabu,4,2.51962,3.7
tabu,5,12.97621,4.3
tabu,6,18.91189,5.2
tabu,7,24.11302,5.5
tabu,8,27.32479,6.3
tabu,9,33.69395,7.0
tabu,10,40.78786,7.9
tabu,11,48.01288,8.2
tabu,12,55.624480000000005,8.8
tabu,13,61.31858999999999,9.0
tabu,14,73.24292,9.7
tabu,15,81.91508999999999,10.0
tabu,16,91.27236,10.3
tabu,17,105.90079,10.4
tabu,18,107.21524,11.1
tabu,19,119.3475,11.3
tabu,20,128.0411,12.0
tabu,21,140.2748,12.7
tabu,22,154.2776,13.0
tabu,23,164.7359,13.0
tabu,24,172.52960000000002,13.3
tabu,25,193.6521,14.2
tabu,26,203.7069,14.3
tabu,27,220.20329999999998,14.7
tabu,28,231.1373,15.1
tabu,29,264.71529999999996,15.6
tabu,30,300.81219999999996,16.3
tabu,31,309.15479999999997,16.8
tabu,32,306.2415,16.7
tabu,33,314.75239999999997,17.2
tabu,34,351.8428,17.3
tabu,35,363.1703,17.7
tabu,36,408.2208,18.0
tabu,37,435.68469999999996,18.4
tabu,38,458.1188,18.8
tabu,39,526.851,19.0
tabu,40,498.3791,19.9
tabu,41,483.8122,20.3
tabu,42,570.2872,20.3
tabu,43,553.2452999999999,20.7
tabu,44,607.104,21.4
tabu,45,822.1184,21.6
tabu,46,856.2529000000001,22.3
tabu,47,979.6441000000001,22.5
tabu,48,697.3091999999999,22.6
tabu,49,876.7076999999999,22.6
tabu,50,1194.396,23.4
tabu,51,962.574,23.3
tabu,52,1061.6381000000001,23.8
tabu,53,835.3494000000001,24.4
tabu,54,920.5339,24.5
tabu,55,1080.6895,25.1
tabu,56,1199.9514,25.0
tabu,57,1041.2189,25.3
tabu,58,1120.9905,25.6
tabu,59,1295.6741,26.0
tabu,60,1390.5894,26.3
tabu,61,1518.596,26.6
tabu,62,1343.699,27.2
tabu,63,1340.403,28.0
tabu,64,1393.71,28.7
tabu,65,1677.4829999999997,28.5
tabu,66,1358.892,29.5
tabu,67,1875.128,29.5
tabu,68,2449.6040000000003,29.4
tabu,69,1937.6029999999998,29.8
tabu,70,2043.382,29.5
tabu,71,1824.172,30.6
tabu,72,1797.309,30.9
tabu,73,2257.513,31.4
tabu,74,2431.4669999999996,32.4
tabu,75,2463.2110000000002,32.1
tabu,76,2444.611,31.9
tabu,77,2270.205,33.1
tabu,78,2499.998,33.2
tabu,79,3359.3050000000003,32.5
tabu,80,2363.75,34.2
tabu,81,2215.427,35.2
tabu,82,2806.989,33.6
tabu,83,2672.875,35.5
tabu,84,2762.921,34.6
tabu,85,2695.888,35.7
tabu,86,2878.205,36.0
tabu,87,2827.288,36.7
tabu,88,3364.1090000000004,36.2
tabu,89,3091.684,37.3
tabu,90,3065.48,38.3
tabu,91,3699.6279999999997,39.4
tabu,92,3739.9620000000004,37.6
tabu,93,3195.704,39.2
tabu,94,3934.2830000000004,39.1
tabu,95,3727.399,39.9
tabu,96,3765.1160000000004,38.5
tabu,97,2740.361,40.7
tabu,98,4120.765,40.3
tabu,99,3521.3190000000004,40.9
tabu,100,3376.579,41.3
tabu,101,4226.446,41.1
tabu,102,4571.489,41.0
tabu,103,4535.796,42.3
tabu,104,4269.713,42.0
tabu,105,4517.041,42.8
tabu,106,3695.0510000000004,42.9
tabu,107,4077.174,43.7
tabu,108,4034.9809999999998,44.6
tabu,109,3908.6479999999997,45.3
tabu,110,4298.781,44.8
tabu,111,4502.7699999999995,45.5
tabu,112,3590.072,45.2
tabu,113,5012.717,46.1
tabu,114,4548.964,46.6
tabu,115,4495.438,46.9
tabu,116,4067.155,47.9
tabu,117,4700.499,46.3
tabu,118,5043.755999999999,47.2
tabu,119,6134.686,48.2
tabu,120,5728.908,46.9
tabu,121,5345.226000000001,48.5
tabu,122,5166.497,49.6
tabu,123,4340.824,51.0
tabu,124,4490.204,52.5
tabu,125,6533.852000000001,50.8
tabu,126,4826.548,50.5
tabu,127,5265.229,50.5
tabu,128,6906.186,51.0
tabu,129,4783.721,52.9
tabu,130,5608.893,52.6
tabu,131,5997.6410000000005,51.9
tabu,132,4967.678,51.8
tabu,133,6009.059,52.7
tabu,134,5563.005999999999,52.6
tabu,135,7823.255,53.9
tabu,136,6425.811,53.2
tabu,137,5520.617,55.1
tabu,138,6542.429,55.2
tabu,139,5857.067,55.0
tabu,140,5740.255999999999,57.4
tabu,141,5773.151,56.2
tabu,142,5928.621,56.7
tabu,143,7680.0380000000005,56.4
tabu,144,6590.481,57.0
tabu,145,8045.596,59.0
tabu,146,6796.763000000001,58.6
tabu,147,6432.97,58.1
tabu,148,6946.769,59.3
tabu,149,6671.26,58.7
tabu,150,7476.6050000000005,57.1
tabu,151,7522.991,58.1
tabu,152,6519.497,60.7
tabu,153,7181.694,59.7
tabu,154,7257.383,60.7
tabu,155,6803.9039999999995,62.1
tabu,156,7488.072,62.6
tabu,157,7458.702,63.1
tabu,158,7513.815,63.8
tabu,159,7763.981,62.0
tabu,160,7249.369000000001,65.1
tabu,161,8410.939999999999,62.8
tabu,162,7711.711,63.5
tabu,163,7921.974,63.5
tabu,164,8092.714999999999,64.8
tabu,165,8557.889,63.6
tabu,166,8341.473,66.2
tabu,167,9470.115,65.7
tabu,168,8617.615,65.1
tabu,169,9404.263,66.1
tabu,170,8112.055,66.9
tabu,171,9141.270999999999,68.0
tabu,172,8598.283,66.8
tabu,173,9292.875,67.8
tabu,174,8989.280999999999,68.2
tabu,175,8923.055,67.4
tabu,176,9882.954,67.5
tabu,177,9836.931999999999,69.5
tabu,178,8332.407000000001,69.4
tabu,179,9060.371000000001,70.2
tabu,180,9645.395999999999,71.9
tabu,181,10094.335000000001,70.4
tabu,182,10258.678,71.0
tabu,183,9252.064,70.6
tabu,184,9719.369999999999,71.3
tabu,185,9399.569,72.0
tabu,186,10120.632000000001,74.2
tabu,187,11943.981,72.5
tabu,188,9095.307,71.4
tabu,189,9500.898,73.1
tabu,190,9937.115,73.4
tabu,191,9857.842,74.3
tabu,192,9566.264,74.2
tabu,193,10076.884999999998,73.5
tabu,194,11276.661,74.5
tabu,195,10643.477,74.7
tabu,196,11517.999,75.0
tabu,197,10811.017,75.4
tabu,198,10446.078,75.7
tabu,199,11388.560000000001,77.0
tabu,200,11063.28,77.5
tabu,201,12908.08,76.6
tabu,202,11764.68,77.1
tabu,203,13383.36,77.0
tabu,204,13208.84,78.5
tabu,205,13880.45,77.7
tabu,206,11376.11,79.3
tabu,207,11546.42,80.0
tabu,208,11493.5,80.6
tabu,209,13504.95,79.8
tabu,210,12297.72,80.3
tabu,211,13873.0,80.7
tabu,212,11966.64,82.2
tabu,213,12976.58,82.1
tabu,214,14858.210000000001,81.2
tabu,215,12152.84,83.3
tabu,216,12225.26,82.8
tabu,217,12746.15,81.8
tabu,218,12400.09,83.1
tabu,219,13829.0,83.2
tabu,220,13404.710000000001,84.8
tabu,221,14628.84,84.8
tabu,222,13909.05,85.5
tabu,223,13469.4,82.9
tabu,224,12983.53,84.7
tabu,225,12731.42,84.9
tabu,226,13429.529999999999,86.2
tabu,227,13461.429999999998,86.0
tabu,228,13519.76,87.0
tabu,229,13818.65,85.8
tabu,230,13845.920000000002,86.8
tabu,231,13952.670000000002,87.4
tabu,232,13649.34,86.4
tabu,233,13800.63,88.6
tabu,234,14812.61,88.9
tabu,235,14619.65,87.5
tabu,236,15102.15,89.1
tabu,237,14625.01,89.5
tabu,238,14667.3,89.9
tabu,239,14551.079999999998,90.2
tabu,240,15964.38,90.6
tabu,241,15290.189999999999,90.7
tabu,242,15592.929999999998,91.1
tabu,243,16852.68,90.9
tabu,244,16196.689999999999,91.9
tabu,245,15690.74,92.1
tabu,246,15739.210000000001,93.3
tabu,247,16676.120000000003,92.4
tabu,248,15746.460000000001,93.6
tabu,249,17394.579999999998,93.3
tabu,250,16541.05,93.6
tabu,251,18987.170000000002,93.5
tabu,252,16638.64,94.1
tabu,253,17895.82,93.1
tabu,254,16295.460000000001,94.8
tabu,255,17554.91,94.7
tabu,256,16806.18,95.1
tabu,257,17421.43,96.1
tabu,258,16831.43,96.8
tabu,259,17445.32,97.1
tabu,260,19314.43,96.0
tabu,261,17262.56,98.2
tabu,262,19269.739999999998,97.0
tabu,263,17443.85,97.6
tabu,264,17700.47,98.6
tabu,265,19303.98,98.7
tabu,266,18933.0,98.4
tabu,267,19394.170000000002,99.3
tabu,268,18503.09,98.7
tabu,269,19919.420000000002,99.6
tabu,270,18716.329999999998,100.9
tabu,271,21754.3,100.1
tabu,272,18912.39,100.7
tabu,273,18568.120000000003,100.4
tabu,274,19430.370000000003,101.5
tabu,275,19120.75,101.0
tabu,276,19776.489999999998,103.3
tabu,277,20011.370000000003,101.7
tabu,278,20009.35,101.8
tabu,279,19858.920000000002,101.1
tabu,280,19755.34,104.0
tabu,281,20383.5,103.1
tabu,282,21661.489999999998,103.6
tabu,283,21914.36,103.9
tabu,284,21342.39,104.2
tabu,285,20691.27,104.3
tabu,286,20956.84,104.9
tabu,287,20320.66,104.2
tabu,288,20927.03,105.4
tabu,289,21814.11,107.1
tabu,290,21359.95,106.4
tabu,291,23622.629999999997,106.3
tabu,292,24221.43,108.1
tabu,293,21773.34,107.6
tabu,294,22479.85,107.4
tabu,295,23170.44,108.7
tabu,296,25261.8,107.6
tabu,297,22290.94,108.6
tabu,298,22908.86,109.3
tabu,299,24736.54,109.7
tabu,300,22713.829999999998,109.7
tabu,301,23391.879999999997,109.0
tabu,302,23359.44,108.5
tabu,303,24746.95,109.7
tabu,304,23181.84,111.2
tabu,305,23538.85,110.9
tabu,306,25663.94,111.6
tabu,307,23594.7,111.6
tabu,308,25119.18,112.2
tabu,309,24054.77,112.3
tabu,310,24365.260000000002,113.9
tabu,311,24782.370000000003,113.8
tabu,312,26460.870000000003,113.9
tabu,313,28375.04,111.7
tabu,314,24773.989999999998,114.1
tabu,315,25510.28,113.1
tabu,316,26416.940000000002,115.1
tabu,317,25297.78,115.3
tabu,318,25805.02,115.6
tabu,319,27467.1,115.2
tabu,320,29569.32,115.4
tabu,321,27952.059999999998,116.3
tabu,322,35379.009999999995,115.4
tabu,323,29240.82,117.7
tabu,324,28090.340000000004,117.3
tabu,325,27077.52,117.8
tabu,326,28040.93,117.0
tabu,327,27903.65,115.8
tabu,328,28431.25,118.5
tabu,329,28289.07,119.4
tabu,330,32252.15,117.9
tabu,331,31375.890000000003,118.3
tabu,332,31158.859999999997,119.9
tabu,333,36227.54,118.2
tabu,334,33172.490000000005,119.6
tabu,335,29522.640000000003,120.3
tabu,336,29740.35,120.8
tabu,337,35963.39,121.4
tabu,338,34918.479999999996,121.5
tabu,339,33067.95,121.6
tabu,340,32392.9,122.8
tabu,341,31542.879999999997,121.8
tabu,342,30710.27,123.4
tabu,343,36510.78,121.8
tabu,344,37655.22,123.3
tabu,345,35418.36,122.6
tabu,346,35696.85,122.7
tabu,347,32217.420000000002,125.0
tabu,348,32779.159999999996,124.0
tabu,349,36464.47,125.3
tabu,350,36391.14,124.6
tabu,351,34602.71,125.2
tabu,352,34043.38,125.3
tabu,353,34161.67,126.4
tabu,354,34486.38,124.8
tabu,355,36242.32,127.4
tabu,356,33685.71,128.4
tabu,357,36679.19,127.1
tabu,358,33549.36,128.3
tabu,359,35005.96,127.3
tabu,360,34366.93,127.7
tabu,361,37467.43,128.0
tabu,362,38856.68,129.4
tabu,363,37626.29,129.7
tabu,364,36981.87,128.8
tabu,365,41055.5,130.5
tabu,366,45932.82,130.4
tabu,367,37741.61,129.9
tabu,368,36750.479999999996,131.1
tabu,369,39473.57,132.5
tabu,370,39600.770000000004,132.1
tabu,371,37895.43,132.5
tabu,372,37633.79,133.6
tabu,373,38328.12,131.5
tabu,374,40965.62,132.6
tabu,375,37306.32,133.5
tabu,376,42372.62,132.8
tabu,377,42807.57,134.0
tabu,378,45056.86,133.4
tabu,379,45129.37,133.5
tabu,380,40371.06,135.0
tabu,381,37790.060000000005,135.2
tabu,382,37505.590000000004,135.4
tabu,383,37736.229999999996,133.9
tabu,384,37580.64,136.1
tabu,385,39535.520000000004,137.1
